Type,Geolocation,Item,Dry 2002,Dry 2003,Dry 2004,Dry 2005,Dry 2006,Dry 2007,Dry 2008,Dry 2009,Dry 2010,Dry 2011,Dry 2012,Dry 2013,Dry 2014,Dry 2015,Dry 2016,Dry 2017,Dry 2018,Dry 2019,Dry 2020,Dry 2021,Wet 2002,Wet 2003,Wet 2004,Wet 2005,Wet 2006,Wet 2007,Wet 2008,Wet 2009,Wet 2010,Wet 2011,Wet 2012,Wet 2013,Wet 2014,Wet 2015,Wet 2016,Wet 2017,Wet 2018,Wet 2019,Wet 2020,Wet 2021,Average 2002,Average 2003,Average 2004,Average 2005,Average 2006,Average 2007,Average 2008,Average 2009,Average 2010,Average 2011,Average 2012,Average 2013,Average 2014,Average 2015,Average 2016,Average 2017,Average 2018,Average 2019,Average 2020,Average 2021
All Palay,PHILIPPINES,CASH COSTS,9106,9296,10173,11753,12178,12657,14930,16610,16303,17182,18305,19426,21016,20568,20217,20291,21386,22241,22573,23450,9549,9656,11209,12081,12162,12902,16260,14846,14893,16339,16808,19967,20984,20532,20124,20465,21787,22163,22627,25621,9325,9472,10645,11871,12122,12734,15571,15881,15663,16844,17703,19715,20996,20562,20207,20412,21134,22067,22258,24258
All Palay,PHILIPPINES,..Seeds paid in cash,340,347,361,409,419,429,579,837,831,833,895,1270,1580,1393,1084,1142,1248,1105,1096,1068,343,354,397,427,420,471,552,765,801,831,885,1344,1554,1365,1187,1230,1365,1036,1084,1113,341,350,378,417,418,449,565,807,813,829,886,1309,1568,1380,1137,1188,1308,1105,1093,1093
All Palay,PHILIPPINES,..Fertilizer paid in cash,1840,2306,2920,3989,4034,4252,5496,4769,4075,4356,5039,4917,4632,4497,4321,3666,3834,4236,3902,4059,1805,2446,3509,4014,3923,4188,6977,3831,3646,4639,4704,4900,4691,4565,4178,3703,4082,4246,3942,6008,1822,2379,3220,4004,3978,4221,6220,4380,3879,4528,4896,4909,4666,4536,4254,3716,4021,4308,3828,5019
All Palay,PHILIPPINES,..Pesticides paid in cash,1175,1300,1291,1338,1259,1157,1153,1274,1274,1242,1195,1254,1215,1271,1266,1233,1270,1254,1291,1284,984,1100,1175,1163,997,988,863,1763,1768,1752,1640,1309,1294,1344,1294,1371,1306,1340,1352,1345,1080,1197,1187,1204,1121,1070,1040,1476,1478,1453,1439,1284,1257,1310,1310,1304,1248,1289,1324,1317
All Palay,PHILIPPINES,..Hired labor,3619,3128,3265,3441,3660,3922,4423,5152,5263,5605,5772,6763,7929,8049,8308,8791,9292,9755,10259,10787,4190,3450,3591,3735,3927,4205,4412,4880,4905,5138,5422,7513,8258,8338,8525,9036,9569,10092,10648,11251,3903,3288,3427,3588,3795,4064,4425,5039,5099,5387,5614,7161,8098,8210,8421,8919,8987,9723,10241,10794
All Palay,PHILIPPINES,..Land tax paid in cash,130,131,132,134,135,136,138,149,150,152,154,181,183,183,185,187,189,190,192,194,123,124,125,126,127,129,130,197,199,201,203,191,193,193,195,197,199,201,203,205,126,127,128,130,131,133,134,169,170,172,174,187,189,189,191,193,195,197,199,201
All Palay,PHILIPPINES,..Caretaker/Overseer's wages,0,0,0,0,0,0,0,0,0,0,0,132,149,141,146,154,163,171,180,189,0,0,0,0,0,0,0,0,0,0,0,96,108,103,105,112,118,125,132,139,0,0,0,0,0,0,0,0,0,0,0,113,128,121,124,131,132,139,147,155
All Palay,PHILIPPINES,..Other permanent employee's salary,0,0,0,0,0,0,0,0,0,0,0,47,53,50,52,55,58,61,64,67,0,0,0,0,0,0,0,0,0,0,0,41,46,44,45,48,50,53,56,59,0,0,0,0,0,0,0,0,0,0,0,44,50,47,48,51,51,54,57,60
All Palay,PHILIPPINES,..Rentals,222,229,239,259,272,286,347,267,274,284,298,498,577,535,517,547,582,591,615,638,260,270,295,314,315,348,393,208,217,226,240,359,408,381,373,394,422,414,436,458,240,247,262,282,290,311,366,243,250,260,274,424,486,453,441,466,479,481,500,522
All Palay,PHILIPPINES,..Fuel and oil paid in cash,310,352,374,442,543,549,648,854,1007,1127,1212,843,891,772,719,759,799,830,806,810,249,266,321,375,428,451,524,514,555,624,656,820,823,743,732,772,839,819,796,878,280,308,349,410,446,461,539,713,804,902,960,831,856,758,726,766,819,826,802,845
All Palay,PHILIPPINES,..Transport cost paid in cash,85,88,93,113,132,132,142,0,0,0,0,158,160,157,154,161,170,175,173,195,67,69,83,96,104,105,119,0,0,0,0,170,171,170,169,178,191,190,205,219,76,79,89,105,118,119,132,0,0,0,0,165,167,165,163,171,182,184,190,208
All Palay,PHILIPPINES,..Interest payment on crop loan,138,152,167,184,202,223,245,376,414,455,501,383,421,421,463,509,560,616,678,746,151,166,183,201,221,243,268,197,217,239,263,288,317,317,349,384,422,464,511,562,145,160,176,194,213,235,258,302,332,365,402,332,365,365,402,442,486,534,588,647
All Palay,PHILIPPINES,..Irrigation fee,182,186,194,220,225,231,311,361,359,360,387,529,658,580,452,476,520,460,457,445,181,187,210,226,222,249,292,267,280,291,310,351,406,357,310,321,356,270,283,291,182,187,202,223,224,240,302,322,325,332,355,434,520,457,377,394,434,367,363,363
All Palay,PHILIPPINES,..Sacks and tying materials paid in cash,0,0,0,0,0,0,0,0,0,0,0,0,0,380,383,394,411,425,435,455,0,0,0,0,0,0,0,0,0,0,0,0,0,417,424,436,463,470,483,504,0,0,0,0,0,0,0,0,0,0,0,0,0,400,405,417,439,449,461,481
All Palay,PHILIPPINES,..Electricity cost,0,0,0,0,0,0,0,0,0,0,0,26,27,24,22,24,25,26,25,25,0,0,0,0,0,0,0,0,0,0,0,38,38,34,34,35,38,37,36,40,0,0,0,0,0,0,0,0,0,0,0,33,34,30,29,30,32,33,32,33
All Palay,PHILIPPINES,..Food expense,569,581,610,654,694,714,792,642,668,709,722,884,941,920,931,960,1011,1047,1074,1136,573,586,630,667,701,726,844,653,680,715,734,941,1011,952,972,1003,1083,1085,1116,1174,571,584,621,661,698,721,819,646,673,711,727,914,978,938,954,985,1050,1068,1098,1158
All Palay,PHILIPPINES,..Repairs,484,484,514,557,589,611,641,1387,1423,1467,1520,1164,1207,1190,1211,1229,1249,1294,1320,1346,390,396,431,460,483,496,551,1010,1044,1075,1123,1184,1227,1201,1224,1237,1274,1310,1335,1365,437,440,473,509,536,553,598,1231,1268,1307,1359,1175,1217,1197,1219,1235,1263,1303,1329,1356
All Palay,PHILIPPINES,..Others paid in cash,12,12,13,14,15,15,16,544,565,592,610,377,393,5,5,5,5,6,6,6,233,242,259,278,294,302,335,560,581,608,628,422,439,8,8,8,9,9,9,10,122,126,133,144,153,157,172,551,572,598,617,400,417,6,6,6,7,7,7,7
All Palay,PHILIPPINES,NON-CASH COSTS,6982,7295,7843,8982,9350,9651,13020,13882,14169,14641,15785,12928,16839,15064,11457,12259,13356,12062,12235,12281,6946,7320,8300,8993,8981,10318,11875,11872,12967,13436,14706,14155,17558,15158,12605,13370,14624,12120,12739,13247,6964,7322,8075,8992,9165,9993,12458,13051,13609,14065,15297,13580,17243,15134,12048,12840,13927,12360,12452,12709
All Palay,PHILIPPINES,..Seeds paid in kind,777,792,825,934,957,981,1323,675,670,672,722,587,730,644,501,528,577,511,507,494,757,781,876,942,926,1040,1217,888,929,964,1026,660,763,670,582,604,670,508,532,547,767,787,851,939,942,1010,1273,763,769,785,839,626,750,660,543,568,625,528,522,522
All Palay,PHILIPPINES,..Fertilizer paid in kind,0,0,0,0,0,0,0,34,28,29,34,39,36,38,37,31,32,36,33,34,0,0,0,0,0,0,0,29,27,34,34,24,24,24,23,21,23,24,22,34,0,0,0,0,0,0,0,32,27,31,33,31,29,30,28,25,27,29,26,34
All Palay,PHILIPPINES,..Pesticides paid in kind,0,0,0,0,0,0,0,0,0,0,0,7,7,7,7,7,7,7,7,7,0,0,0,0,0,0,0,3,2,2,2,2,2,2,2,2,2,2,2,2,0,0,0,0,0,0,0,1,1,1,1,4,4,4,4,4,4,4,4,4
All Palay,PHILIPPINES,..Hired labor paid in kind,262,259,270,285,303,324,366,662,698,743,765,615,686,657,678,718,758,796,837,881,245,220,230,239,251,269,282,590,613,642,677,668,706,719,735,779,825,870,918,970,253,240,250,262,277,296,323,632,662,699,728,643,699,691,709,751,756,796,838,884
All Palay,PHILIPPINES,..Harvester's share,1735,1863,2067,2407,2534,2621,3595,3470,3584,3752,4109,3394,4746,4218,2875,3124,3421,2956,2995,2999,1791,1945,2241,2449,2470,2907,3317,2920,3360,3460,3930,3673,4900,4061,3074,3307,3605,2883,3025,3129,1763,1911,2155,2429,2501,2768,3458,3242,3470,3595,4018,3542,4832,4134,2974,3218,3514,3024,3022,3070
All Palay,PHILIPPINES,..Thresher's share,1577,1693,1878,2187,2302,2381,3267,3162,3266,3420,3745,3001,4196,3730,2543,2763,3026,2614,2648,2652,1578,1714,1975,2158,2177,2562,2923,2477,2851,2936,3335,3697,4932,4087,3095,3329,3629,2903,3045,3150,1577,1710,1928,2173,2238,2477,3094,2879,3081,3192,3568,3371,4599,3934,2830,3062,3344,2878,2876,2921
All Palay,PHILIPPINES,..Landowner's share,1634,1666,1735,1965,2013,2063,2782,3152,3131,3139,3371,3297,4102,3617,2815,2965,3242,2869,2846,2773,1728,1783,1999,2150,2113,2372,2778,2821,2951,3063,3261,3538,4092,3594,3124,3239,3593,2727,2853,2931,1681,1724,1864,2057,2063,2213,2787,3015,3038,3099,3313,3425,4101,3609,2974,3108,3423,2893,2860,2859
All Palay,PHILIPPINES,..Caretaker/Overseer's wages paid in kind,0,0,0,0,0,0,0,0,0,0,0,763,862,815,841,890,941,988,1039,1092,0,0,0,0,0,0,0,0,0,0,0,638,720,687,702,745,788,832,877,927,0,0,0,0,0,0,0,0,0,0,0,697,787,749,768,814,820,863,909,958
All Palay,PHILIPPINES,..Other permanent employee's salary paid in kind,0,0,0,0,0,0,0,0,0,0,0,31,35,33,34,36,38,40,42,44,0,0,0,0,0,0,0,0,0,0,0,31,35,33,34,36,38,40,42,45,0,0,0,0,0,0,0,0,0,0,0,31,35,33,34,36,36,38,40,42
All Palay,PHILIPPINES,..Sheller's share,.,.,.,.,.,.,.,.,.,.,.,.,.,.,.,.,.,.,.,.,.,.,.,.,.,.,.,.,.,.,.,.,.,.,.,.,.,.,.,.,.,.,.,.,.,.,.,.,.,.,.,.,.,.,.,.,.,.,.,.
All Palay,PHILIPPINES,..Lease rental,652,665,692,784,803,823,1110,0,0,0,0,0,0,0,0,0,0,0,0,0,575,593,665,715,703,789,924,0,0,0,0,0,0,0,0,0,0,0,0,0,614,630,681,752,754,809,1018,0,0,0,0,0,0,0,0,0,0,0,0,0
All Palay,PHILIPPINES,..Rentals paid in kind,21,21,22,23,25,26,30,786,785,791,847,847,1033,924,767,809,884,813,820,818,38,40,42,43,45,48,51,630,659,684,728,684,787,703,632,659,736,597,626,649,30,31,32,34,36,39,42,722,729,746,796,761,901,805,696,730,798,711,716,726
All Palay,PHILIPPINES,..Transport cost paid in kind,0,0,0,0,0,0,0,0,0,0,0,3,3,3,3,3,3,3,3,4,0,0,0,0,0,0,0,0,0,0,0,0,0,0,0,0,0,0,0,0,0,0,0,0,0,0,0,0,0,0,0,1,1,1,1,1,1,1,1,1
All Palay,PHILIPPINES,..Fuel and oil paid in kind,0,0,0,0,0,0,0,..,..,..,..,0,0,0,0,0,0,0,0,0,0,0,0,0,0,0,0,0,0,0,0,0,0,0,0,0,0,0,0,0,0,0,0,0,0,0,0,..,..,..,..,0,0,0,0,0,0,0,0,0
All Palay,PHILIPPINES,..Interest payment on crop loan paid in kind,58,64,70,77,85,94,103,192,212,233,256,176,194,194,213,235,258,284,312,344,44,48,53,58,64,70,77,57,63,69,76,346,381,381,419,461,507,558,614,675,51,56,62,68,75,82,91,137,150,165,182,266,293,293,322,355,390,429,472,519
All Palay,PHILIPPINES,..Irrigation fee paid in kind,236,241,251,284,291,298,402,416,414,415,446,168,209,184,143,151,167,146,145,141,190,196,220,237,233,261,306,83,87,90,96,123,142,125,109,113,128,95,99,102,213,218,236,260,261,280,353,278,281,287,307,144,172,152,125,130,146,123,122,122
All Palay,PHILIPPINES,..Sacks and tying materials paid in kind,0,0,0,0,0,0,0,0,0,0,0,0,0,0,0,0,0,0,0,0,0,0,0,0,0,0,0,0,0,0,0,0,0,0,0,75,80,81,83,87,0,0,0,0,0,0,0,0,0,0,0,0,0,0,0,41,43,44,45,47
All Palay,PHILIPPINES,..Others paid in kind,30,31,32,35,38,39,42,1330,1381,1447,1490,0,0,0,0,0,0,0,0,0,0,0,0,0,0,0,0,1373,1425,1492,1541,71,74,72,73,0,0,0,0,0,15,15,16,17,18,19,20,1348,1401,1465,1512,38,40,39,40,0,0,0,0,0
All Palay,PHILIPPINES,IMPUTED COSTS,5466,5913,6291,6874,7193,7523,8907,7917,8728,9028,9380,8138,10675,10388,9912,10438,11278,11532,11973,12434,4667,5296,5810,6176,6303,6752,7588,7901,8896,9260,9677,9317,11472,11295,10955,11514,12600,12172,12819,13656,5068,5610,6049,6523,6749,7135,8239,7910,8757,9094,9475,8765,11125,10895,10453,11000,11634,11891,12317,12953
All Palay,PHILIPPINES,..Seeds,0,0,0,0,0,0,0,363,361,362,389,177,220,194,151,159,176,154,153,149,0,0,0,0,0,0,0,314,328,340,362,185,214,188,163,169,192,142,149,153,0,0,0,0,0,0,0,343,345,352,376,181,217,191,157,164,184,155,153,153
All Palay,PHILIPPINES,..Fertilizer,0,0,0,0,0,0,0,163,147,157,180,62,58,60,58,49,51,57,52,54,0,0,0,0,0,0,0,32,30,38,38,57,55,55,53,47,52,54,50,77,0,0,0,0,0,0,0,109,96,111,120,59,56,57,54,47,51,55,50,65
All Palay,PHILIPPINES,..Pesticides,0,0,0,0,0,0,0,33,32,32,31,9,9,9,9,9,9,9,9,9,0,0,0,0,0,0,0,6,7,7,6,2,2,2,2,2,2,2,2,2,0,0,0,0,0,0,0,22,22,22,22,6,6,6,6,6,6,6,6,6
All Palay,PHILIPPINES,..Operator labor,1480,1592,1662,1751,1863,1996,2251,1813,2233,2379,2450,1839,2656,2729,2817,2981,3150,3307,3478,3657,1098,1332,1387,1442,1516,1623,1703,1761,2146,2248,2372,1989,2708,2917,2982,3161,3347,3530,3725,3936,1290,1464,1526,1597,1689,1809,1970,1792,2191,2315,2412,1919,2688,2831,2903,3075,3099,3352,3531,3722
All Palay,PHILIPPINES,..Family labor,1292,1463,1528,1610,1713,1835,2069,1610,2079,2214,2280,1641,2476,2544,2626,2778,2937,3083,3242,3409,935,1176,1224,1273,1339,1433,1504,1700,2196,2300,2427,1483,2145,2311,2362,2504,2652,2797,2951,3118,1114,1322,1378,1443,1526,1635,1780,1647,2122,2242,2337,1557,2299,2421,2483,2630,2650,2867,3020,3183
All Palay,PHILIPPINES,..Exchange labor,166,200,208,220,234,250,282,180,220,234,241,110,163,168,173,183,194,203,214,225,80,97,101,106,111,119,125,173,210,220,232,128,183,197,201,214,226,238,252,266,123,149,155,163,172,184,200,177,215,227,237,120,175,184,189,200,201,218,229,242
All Palay,PHILIPPINES,..Depreciation,540,594,653,719,791,870,957,612,673,740,814,676,744,744,818,900,990,1089,1198,1318,463,509,560,616,678,745,820,629,692,761,837,763,839,839,923,1015,1117,1228,1351,1486,502,552,607,668,735,808,889,619,680,748,823,722,794,794,873,961,1057,1162,1279,1407
All Palay,PHILIPPINES,..Interest on operating capital,621,671,789,931,910,847,1021,1027,878,798,729,814,860,859,856,847,974,1175,1190,1237,652,697,873,948,900,855,1122,960,853,819,715,863,882,879,865,873,1012,1197,1220,1411,636,684,827,935,904,851,1073,999,864,809,725,840,872,871,863,862,967,1178,1183,1307
All Palay,PHILIPPINES,..Rental value of owned land,1367,1393,1451,1643,1683,1725,2327,2079,2065,2070,2223,2775,3453,3045,2369,2495,2758,2415,2396,2334,1439,1485,1665,1791,1760,1976,2314,2289,2395,2486,2646,3799,4394,3859,3354,3478,3947,2928,3064,3148,1403,1439,1556,1717,1722,1848,2327,2166,2182,2226,2380,3319,3975,3498,2882,3011,3373,2850,2818,2817
All Palay,PHILIPPINES,..Fuel and oil,0,0,0,0,0,0,0,0,0,0,0,3,3,3,3,3,3,3,3,3,0,0,0,0,0,0,0,0,0,0,0,1,1,1,1,1,1,1,1,1,0,0,0,0,0,0,0,0,0,0,0,2,2,2,2,2,2,2,2,2
All Palay,PHILIPPINES,..Transport cost,0,0,0,0,0,0,0,0,0,0,0,4,4,4,4,4,4,4,4,5,0,0,0,0,0,0,0,0,0,0,0,9,9,9,9,9,10,10,11,12,0,0,0,0,0,0,0,0,0,0,0,7,7,7,7,7,8,8,8,9
All Palay,PHILIPPINES,..Land tax,0,0,0,0,0,0,0,0,0,0,0,0,0,0,0,0,0,0,0,0,0,0,0,0,0,0,0,0,0,0,0,0,0,0,0,0,0,0,0,0,0,0,0,0,0,0,0,0,0,0,0,0,0,0,0,0,0,0,0,0
All Palay,PHILIPPINES,..Sacks and tying materials,0,0,0,0,0,0,0,0,0,0,0,28,29,29,29,30,31,32,33,35,0,0,0,0,0,0,0,0,0,0,0,38,40,38,39,40,42,43,44,46,0,0,0,0,0,0,0,0,0,0,0,33,34,33,33,34,36,37,38,40
All Palay,PHILIPPINES,..Others,0,0,0,0,0,0,0,39,40,42,43,0,0,0,0,0,0,0,0,0,0,0,0,0,0,0,0,37,39,41,42,0,0,..,..,..,..,..,..,..,0,0,0,0,0,0,0,38,40,42,43,0,0,..,..,..,..,..,..,..
All Palay,PHILIPPINES,TOTAL COSTS,21554,22504,24307,27609,28722,29831,36857,38409,39200,40851,43470,40492,48530,46020,41587,42987,46019,45835,46780,48166,21162,22272,25319,27250,27447,29972,35723,34618,36756,39035,41191,43439,50014,46985,43684,45349,49011,46455,48185,52524,21357,22404,24769,27386,28036,29862,36268,36841,38029,40003,42475,42060,49364,46591,42708,44251,46694,46319,47027,49920
All Palay,PHILIPPINES,GROSS RETURNS,27394,29416,32627,38020,40017,41392,56781,53773,55546,58155,63683,57484,80379,70292,68093,73988,81031,70004,70921,71022,27573,29944,33689,36813,37128,43693,49853,45434,52294,53858,61174,60152,80240,65302,67158,72254,78754,62995,66086,68354,27483,29791,33198,37423,38535,42647,53270,50324,53859,55795,62366,58878,80320,67542,67427,72950,79670,68561,68519,69600
All Palay,PHILIPPINES,RETURNS ABOVE CASH COSTS,18288,20120,22454,26267,27838,28735,41851,37162,39243,40973,45378,38058,59363,49724,47876,53697,59645,47763,48348,47572,18024,20288,22481,24731,24965,30791,33593,30588,37401,37519,44366,40185,59256,44770,47034,51789,56968,40832,43460,42732,18158,20319,22552,25552,26412,29914,37699,34444,38196,38951,44663,39163,59324,46980,47220,52538,58536,46494,46261,45341
All Palay,PHILIPPINES,RETURNS ABOVE CASH AND NON-CASH COSTS,11306,12825,14611,17285,18488,19084,28832,23280,25074,26332,29593,25130,42524,34660,36418,41439,46289,35700,36113,35290,11078,12968,14180,15739,15984,20473,21718,18717,24434,24083,29660,26030,41698,29612,34430,38419,42344,28712,30720,29486,11194,12997,14478,16560,17247,19920,25241,21393,24587,24886,29366,25583,42081,31846,35172,39698,44610,34134,33809,32632
All Palay,PHILIPPINES,NET RETURNS,5840,6912,8320,10412,11295,11561,19924,15363,16346,17304,20213,16992,31849,24272,26506,31001,35012,24168,24140,22856,6411,7672,8371,9563,9681,13721,14130,10816,15538,14823,19983,16713,30226,18317,23474,26905,29744,16540,17901,15830,6126,7387,8428,10037,10498,12785,17002,13483,15830,15792,19891,16818,30956,20951,24719,28699,32976,22243,21492,19680
All Palay,PHILIPPINES,NET PROFIT-COST RATIO,0.27,0.31,0.34,0.38,0.39,0.39,0.54,0.4,0.42,0.42,0.46,0.42,0.66,0.53,0.64,0.72,0.76,0.53,0.52,0.47,0.3,0.34,0.33,0.35,0.35,0.46,0.4,0.31,0.42,0.38,0.49,0.38,0.6,0.39,0.54,0.59,0.61,0.36,0.37,0.3,0.29,0.33,0.34,0.37,0.37,0.43,0.47,0.37,0.42,0.39,0.47,0.4,0.63,0.45,0.58,0.65,0.71,0.48,0.46,0.39
All Palay,PHILIPPINES,Cost per kilogram (pesos),6.91,6.85,6.95,7.68,7.77,8,9.72,10.97,10.77,10.75,11.22,11.39,12.15,11.4,10.49,10.51,11.24,11.47,11.46,11.48,6.49,6.49,7.18,7.61,7.47,7.78,9.52,10.55,10.18,10.9,10.78,12.5,12.48,12.4,11.5,11.5,12.65,11.38,11.77,12.75,6.7,6.65,7.05,7.63,7.61,7.86,9.62,10.81,10.5,10.88,11.05,11.97,12.33,11.95,11.04,11.05,11.76,11.45,11.5,12.02
All Palay,PHILIPPINES,Yield per hectare (kg),3118,3283,3497,3597,3695,3729,3793,3500,3640,3801,3876,3555,3995,4036,3964,4089,4095,3998,4083,4197,3260,3430,3524,3581,3676,3853,3754,3280,3609,3581,3821,3475,4008,3789,3799,3942,3873,4083,4094,4121,3188,3370,3513,3588,3684,3801,3770,3409,3622,3678,3845,3513,4002,3898,3869,4006,3972,4045,4089,4154
All Palay,PHILIPPINES,Farmgate price (pesos/kg),8.79,8.96,9.33,10.57,10.83,11.1,14.97,15.36,15.26,15.3,16.43,16.17,20.12,17.42,17.18,18.09,19.79,..,..,..,8.46,8.73,9.56,10.28,10.1,11.34,13.28,13.85,14.49,15.04,16.01,17.31,20.02,17.24,17.68,18.33,20.33,..,..,..,8.62,8.84,9.45,10.43,10.46,11.22,14.13,14.76,14.87,15.17,16.22,16.76,20.07,17.33,17.43,18.21,20.06,..,..,..
Irrigated Palay,PHILIPPINES,CASH COSTS,10371,10320,11328,13151,13635,14177,16509,18819,18674,19695,21003,22352,23858,23404,23433,23928,25274,26204,26525,24493,10863,10827,12510,13513,13799,14535,17804,17064,16911,18572,19128,22438,22927,23006,22803,23658,25256,25594,26106,23841,10618,10572,11925,13331,13610,14304,17176,18185,17739,19103,20095,22396,23385,23212,23141,23817,24695,25674,25914,28216
Irrigated Palay,PHILIPPINES,..Seeds paid in cash,406,408,425,481,493,505,682,981,959,961,1032,1466,1803,1590,1539,1621,1773,1569,1557,1525,404,413,463,498,489,549,643,920,954,990,1054,1474,1677,1473,1480,1535,1703,1292,1352,1380,405,410,443,489,490,526,662,958,948,967,1034,1470,1739,1530,1510,1577,1738,1468,1452,1451
Irrigated Palay,PHILIPPINES,..Fertilizer paid in cash,2148,2694,3410,4659,4710,4964,6137,5473,4732,5058,5852,5898,5591,5425,5215,4865,5118,5636,5228,5366,2074,2820,4044,4626,4508,4827,7446,4296,4141,5266,5337,5647,5443,5295,4836,4770,5278,5487,5132,5317,2111,2758,3734,4642,4612,4894,6813,5048,4488,5238,5661,5772,5518,5362,5024,4848,5199,5562,5067,6469
Irrigated Palay,PHILIPPINES,..Pesticides paid in cash,1263,1365,1356,1405,1323,1216,1211,1406,1397,1363,1312,1372,1330,1391,1386,1350,1390,1372,1414,1451,1078,1202,1191,1181,1155,1080,943,1961,1904,1886,1766,1409,1393,1446,1392,1475,1406,1442,1455,1484,1172,1285,1275,1292,1203,1149,1117,1606,1579,1551,1536,1391,1362,1419,1419,1412,1352,1397,1435,1427
Irrigated Palay,PHILIPPINES,..Hired labor,4111,3317,3462,3649,3882,4159,4691,5765,6076,6472,6665,7469,8462,8693,8972,9495,10035,10535,11080,8824,4775,3772,3927,4085,4351,4598,4824,5849,5680,5950,6278,8369,8576,9236,9443,10010,10600,11180,11795,9181,4441,3541,3691,3864,4087,4377,4766,5795,5702,6024,6278,7921,8522,8976,9207,9750,9826,10630,11196,11801
Irrigated Palay,PHILIPPINES,..Land tax paid in cash,144,145,146,147,149,150,152,150,151,153,155,200,202,202,204,206,208,210,212,214,126,127,128,129,131,132,133,120,122,123,124,185,187,187,189,191,193,194,196,198,135,136,137,138,140,141,143,139,141,142,143,193,195,195,195,199,201,203,205,207
Irrigated Palay,PHILIPPINES,..Caretaker/Overseer's wages,0,0,0,0,0,0,0,0,0,0,0,183,204,195,202,213,226,237,249,268,0,0,0,0,0,0,0,0,0,0,0,147,155,158,162,172,182,192,202,217,0,0,0,0,0,0,0,0,0,0,0,165,179,177,182,192,194,204,215,227
Irrigated Palay,PHILIPPINES,..Other permanent employee's salary,0,0,0,0,0,0,0,0,0,0,0,44,49,47,48,51,54,57,60,64,0,0,0,0,0,0,0,0,0,0,0,52,55,56,57,61,64,68,72,77,0,0,0,0,0,0,0,0,0,0,0,48,52,52,53,56,56,59,63,66
Irrigated Palay,PHILIPPINES,..Rentals,235,238,249,269,282,297,360,256,260,269,282,524,604,562,569,601,642,641,664,698,320,331,361,384,386,426,481,231,240,250,265,364,393,384,391,412,442,432,455,484,278,285,303,326,335,359,424,247,251,261,275,444,495,472,479,506,523,518,537,559
Irrigated Palay,PHILIPPINES,..Fuel and oil paid in cash,387,439,466,552,677,685,808,1036,1223,1369,1472,1043,1103,955,889,939,988,1027,997,904,293,313,377,441,503,530,616,676,730,821,864,928,932,841,829,874,950,927,902,822,340,374,424,498,542,560,655,906,1021,1146,1219,985,1015,898,860,908,971,978,950,1001
Irrigated Palay,PHILIPPINES,..Transport cost paid in cash,96,101,106,129,151,151,162,0,0,0,0,177,179,176,173,181,191,196,194,195,73,75,90,104,113,114,129,0,0,0,0,165,166,165,164,173,186,185,199,199,85,89,100,119,134,134,149,0,0,0,0,171,173,171,169,177,189,191,197,216
Irrigated Palay,PHILIPPINES,..Interest payment on crop loan,179,197,217,238,262,288,317,473,520,572,629,521,573,573,630,693,763,839,923,1015,195,214,235,259,285,313,345,274,301,331,364,359,395,395,434,478,526,578,636,700,187,206,227,249,274,302,332,401,441,485,534,440,484,484,532,586,644,709,779,857
Irrigated Palay,PHILIPPINES,..Irrigation fee,260,261,272,308,316,323,436,490,479,480,515,769,946,834,807,850,930,823,817,800,259,264,296,318,313,351,411,453,470,488,519,573,652,573,575,597,662,502,526,537,260,263,284,313,314,337,425,477,471,481,514,670,792,698,688,719,792,669,662,662
Irrigated Palay,PHILIPPINES,..Sacks and tying materials paid in cash,0,0,0,0,0,0,0,0,0,0,0,0,0,437,440,453,472,488,500,504,0,0,0,0,0,0,0,0,0,0,0,0,0,452,459,472,501,509,523,531,0,0,0,0,0,0,0,0,0,0,0,0,0,444,450,463,487,499,512,535
Irrigated Palay,PHILIPPINES,..Electricity cost,0,0,0,0,0,0,0,0,0,0,0,12,13,11,10,11,11,12,11,10,0,0,0,0,0,0,0,0,0,0,0,53,53,48,47,50,54,53,52,47,0,0,0,0,0,0,0,0,0,0,0,33,34,30,29,30,33,33,32,34
Irrigated Palay,PHILIPPINES,..Food expense,591,603,633,679,720,741,822,672,699,742,756,885,942,921,931,961,1012,1047,1075,1088,594,608,654,692,728,753,875,696,725,763,784,952,1023,964,984,1016,1097,1098,1130,1159,593,606,644,686,724,748,849,681,709,749,765,918,983,942,958,989,1054,1073,1102,1163
Irrigated Palay,PHILIPPINES,..Repairs,535,535,568,616,651,675,708,1527,1567,1616,1674,1355,1405,1385,1409,1431,1454,1506,1536,1559,417,424,461,493,517,531,591,1022,1057,1089,1138,1308,1355,1327,1353,1367,1408,1448,1475,1502,477,481,517,556,586,605,653,1345,1385,1428,1485,1331,1379,1356,1381,1398,1431,1476,1505,1536
Irrigated Palay,PHILIPPINES,..Others paid in cash,16,17,18,19,21,21,23,588,611,640,659,434,452,6,6,6,7,7,7,7,255,264,283,303,320,329,365,565,587,615,635,453,472,5,5,5,6,6,6,6,134,138,146,157,167,172,188,580,603,631,651,444,463,6,6,6,7,7,7,7
Irrigated Palay,PHILIPPINES,NON-CASH COSTS,7663,7946,8535,9796,10207,10544,14126,15499,15547,16001,17296,14516,18538,16556,13852,14772,16186,14535,14722,13647,7522,7896,8925,9702,9615,10987,12617,13688,14602,15090,16562,15362,18639,16071,14583,15216,16722,13749,14436,13739,7593,7936,8743,9766,9913,10778,13388,14845,15086,15554,16958,14940,18571,16310,14344,14989,16346,14369,14463,14719
Irrigated Palay,PHILIPPINES,..Seeds paid in kind,769,772,804,910,933,956,1289,599,585,587,630,489,601,530,513,541,591,523,519,509,714,729,818,880,865,971,1137,664,688,714,760,541,615,541,543,563,625,474,496,507,742,751,812,896,899,964,1214,622,615,627,670,515,609,536,529,553,609,514,509,508
Irrigated Palay,PHILIPPINES,..Fertilizer paid in kind,0,0,0,0,0,0,0,37,30,32,37,47,44,43,42,39,41,45,42,42,0,0,0,0,0,0,0,38,35,45,45,27,26,25,23,23,25,26,24,24,0,0,0,0,0,0,0,37,31,37,40,37,34,34,32,31,33,35,32,41
Irrigated Palay,PHILIPPINES,..Pesticides paid in kind,0,0,0,0,0,0,0,0,0,0,0,9,9,9,9,9,9,9,9,10,0,0,0,0,0,0,0,3,3,3,3,3,3,3,3,3,3,3,3,3,0,0,0,0,0,0,0,1,1,1,1,6,6,6,6,6,6,6,6,6
Irrigated Palay,PHILIPPINES,..Hired labor paid in kind,241,231,241,254,270,289,326,732,772,822,846,726,810,775,800,847,895,939,988,1064,260,240,250,260,277,292,307,723,751,787,830,793,839,854,873,926,980,1034,1091,1171,251,235,245,257,272,291,317,729,763,806,840,760,826,816,837,887,893,940,990,1044
Irrigated Palay,PHILIPPINES,..Harvester's share,1878,2017,2232,2608,2750,2850,3849,3894,3918,4062,4477,3751,5076,4510,3153,3408,3786,3224,3263,2642,1894,2057,2355,2591,2572,2998,3405,3157,3484,3560,4091,3858,4995,4122,3348,3484,3843,3016,3158,2654,1886,2044,2298,2605,2661,2929,3630,3628,3722,3831,4313,3804,5031,4304,3316,3443,3812,3217,3212,3246
Irrigated Palay,PHILIPPINES,..Thresher's share,1772,1903,2106,2460,2595,2689,3632,3641,3663,3797,4185,3463,4686,4164,2911,3146,3495,2976,3013,2440,1748,1898,2173,2390,2373,2767,3142,2922,3224,3295,3786,4103,5312,4383,3561,3705,4087,3207,3358,2823,1760,1908,2145,2431,2484,2734,3389,3381,3468,3570,4019,3784,5004,4282,3298,3425,3792,3201,3196,3229
Irrigated Palay,PHILIPPINES,..Landowner's share,1820,1828,1903,2155,2208,2263,3052,3312,3237,3245,3485,3640,4530,3948,3822,4026,4402,3896,3865,3785,1913,1953,2190,2356,2315,2599,3043,3197,3315,3441,3663,3950,4574,3947,3967,4114,4563,3463,3623,3699,1866,1890,2044,2256,2263,2427,3057,3270,3233,3298,3526,3796,4546,3952,3898,4073,4487,3792,3748,3748
Irrigated Palay,PHILIPPINES,..Caretaker/Overseer's wages paid in kind,0,0,0,0,0,0,0,0,0,0,0,999,1115,1067,1101,1165,1231,1293,1360,1464,0,0,0,0,0,0,0,0,0,0,0,804,850,866,885,938,994,1048,1106,1188,0,0,0,0,0,0,0,0,0,0,0,901,979,968,992,1051,1059,1114,1174,1237
Irrigated Palay,PHILIPPINES,..Other permanent employee's salary paid in kind,0,0,0,0,0,0,0,0,0,0,0,44,49,47,48,51,54,57,60,64,0,0,0,0,0,0,0,0,0,0,0,50,53,54,55,58,62,65,69,74,0,0,0,0,0,0,0,0,0,0,0,47,51,50,52,55,55,58,61,65
Irrigated Palay,PHILIPPINES,..Sheller's share,.,.,.,.,.,.,.,.,.,.,.,.,.,.,.,.,.,.,.,.,.,.,.,.,.,.,.,.,.,.,.,.,.,.,.,.,.,.,.,.,.,.,.,.,.,.,.,.,.,.,.,.,.,.,.,.,.,.,.,.
Irrigated Palay,PHILIPPINES,..Lease rental,733,736,766,867,889,911,1228,0,0,0,0,0,0,0,0,0,0,0,0,0,639,652,731,786,773,867,1016,0,0,0,0,0,0,0,0,0,0,0,0,0,686,695,752,830,832,893,1125,0,0,0,0,0,0,0,0,0,0,0,0,0
Irrigated Palay,PHILIPPINES,..Rentals paid in kind,11,11,11,12,13,14,16,827,812,818,876,911,1106,986,963,1015,1105,1003,1005,1001,31,33,34,36,38,40,42,629,653,678,721,557,627,563,567,590,650,522,547,564,21,22,23,24,25,27,30,755,750,767,819,733,857,766,760,796,866,756,756,763
Irrigated Palay,PHILIPPINES,..Transport cost paid in kind,0,0,0,0,0,0,0,0,0,0,0,4,4,4,4,4,4,4,4,4,0,0,0,0,0,0,0,0,0,0,0,0,0,0,0,0,0,0,0,0,0,0,0,0,0,0,0,0,0,0,0,2,2,2,2,2,2,2,2,3
Irrigated Palay,PHILIPPINES,..Fuel and oil paid in kind,0,0,0,0,0,0,0,1,2,2,2,0,0,0,0,0,0,0,0,0,0,0,0,0,0,0,0,0,0,0,0,0,0,0,0,0,0,0,0,0,0,0,0,0,0,0,0,..,..,..,..,0,0,0,0,0,0,0,0,0
Irrigated Palay,PHILIPPINES,..Interest payment on crop loan paid in kind,72,79,87,96,105,116,127,216,238,262,288,189,208,208,229,252,277,304,335,368,52,57,63,69,76,83,92,75,82,90,99,368,405,405,445,490,539,593,652,717,62,68,75,82,91,100,110,165,182,200,220,279,307,307,338,371,408,449,494,544
Irrigated Palay,PHILIPPINES,..Irrigation fee paid in kind,337,338,352,399,408,419,564,565,552,553,594,244,300,265,256,270,295,261,259,254,271,277,311,335,329,369,432,141,146,152,162,201,229,201,202,209,232,176,184,188,304,308,333,368,369,395,498,412,407,415,444,222,263,231,228,238,262,222,219,219
Irrigated Palay,PHILIPPINES,..Sacks and tying materials paid in kind,0,0,0,0,0,0,0,0,0,0,0,0,0,0,0,0,0,0,0,0,0,0,0,0,0,0,0,0,0,0,0,0,0,0,0,113,120,122,125,127,0,0,0,0,0,0,0,0,0,0,0,0,0,0,0,57,60,62,63,66
Irrigated Palay,PHILIPPINES,..Others paid in kind,30,31,32,35,38,39,42,1675,1738,1821,1876,0,0,0,0,0,0,0,0,0,0,0,0,0,0,0,0,2140,2221,2325,2402,107,111,108,110,0,0,0,0,0,15,15,16,17,18,19,20,1843,1914,2002,2066,54,56,55,55,0,0,0,0,0
Irrigated Palay,PHILIPPINES,IMPUTED COSTS,5828,6112,6515,7142,7465,7794,9238,8217,8812,9079,9443,8511,10881,10542,10680,11265,12217,12356,12772,11361,4875,5312,5854,6237,6402,6806,7653,7526,8090,8405,8760,9837,11760,11516,11724,12328,13559,12813,13477,12109,5354,5719,6190,6693,6912,7299,8439,7968,8475,8779,9142,9177,11349,11064,11220,11820,12594,12606,13003,13635
Irrigated Palay,PHILIPPINES,..Seeds,0,0,0,0,0,0,0,402,393,394,423,197,242,214,207,218,238,211,209,205,0,0,0,0,0,0,0,381,395,410,436,174,198,174,175,181,201,153,160,163,0,0,0,0,0,0,0,395,390,398,426,186,220,194,191,200,220,186,184,184
Irrigated Palay,PHILIPPINES,..Fertilizer,0,0,0,0,0,0,0,196,177,189,218,63,59,61,59,55,58,63,59,57,0,0,0,0,0,0,0,29,28,35,36,60,58,58,53,53,58,60,57,55,0,0,0,0,0,0,0,136,121,141,152,61,58,59,55,54,57,61,56,71
Irrigated Palay,PHILIPPINES,..Pesticides,0,0,0,0,0,0,0,39,36,35,34,14,14,14,14,14,14,14,14,15,0,0,0,0,0,0,0,10,11,11,10,4,4,4,4,4,4,4,4,4,0,0,0,0,0,0,0,29,27,27,27,9,9,9,9,9,9,9,9,9
Irrigated Palay,PHILIPPINES,..Operator labor,1482,1546,1614,1701,1809,1939,2186,1671,2038,2170,2235,1843,2625,2697,2783,2945,3113,3268,3437,2737,1061,1218,1268,1319,1405,1484,1558,1510,1781,1866,1969,1998,2672,2878,2942,3119,3303,3483,3675,2860,1273,1385,1444,1511,1598,1712,1864,1613,1935,2044,2130,1921,2648,2789,2861,3030,3053,3303,3479,3667
Irrigated Palay,PHILIPPINES,..Family labor,1317,1407,1469,1548,1647,1764,1990,1463,1817,1935,1993,1466,2130,2188,2258,2390,2526,2652,2789,2221,906,1054,1098,1142,1216,1285,1348,1204,1455,1524,1608,1303,1807,1946,1990,2109,2234,2356,2486,1935,1113,1233,1285,1346,1423,1524,1660,1370,1676,1771,1845,1384,1966,2071,2124,2250,2267,2453,2583,2723
Irrigated Palay,PHILIPPINES,..Exchange labor,189,220,230,242,258,276,311,176,221,236,243,125,186,191,197,209,221,232,244,194,67,78,81,84,90,95,100,106,116,121,128,130,183,197,201,214,226,238,252,196,128,150,157,164,174,186,202,151,182,192,200,128,186,196,201,213,214,232,244,257
Irrigated Palay,PHILIPPINES,..Depreciation,599,659,725,797,877,965,1061,666,732,805,886,725,798,798,877,965,1061,1168,1284,1413,514,565,622,684,752,827,910,653,718,790,869,751,826,826,909,1000,1100,1209,1330,1463,557,613,674,742,816,897,987,661,727,800,880,738,812,812,893,982,1081,1189,1307,1438
Irrigated Palay,PHILIPPINES,..Interest on operating capital,706,738,871,1035,1011,941,1114,1164,1010,919,840,929,964,968,980,991,1142,1375,1388,1240,741,778,969,1055,1020,959,1214,1112,972,934,816,968,957,986,980,1015,1181,1393,1418,1251,723,758,921,1044,1009,950,1170,1145,975,914,820,948,961,977,981,1004,1127,1369,1377,1519
Irrigated Palay,PHILIPPINES,..Rental value of owned land,1535,1542,1606,1818,1863,1910,2575,2401,2348,2354,2528,3103,3816,3366,3258,3432,3794,3321,3295,3227,1586,1619,1816,1953,1919,2155,2524,2475,2567,2665,2837,4390,4994,4387,4409,4572,5187,3849,4027,4111,1560,1580,1709,1886,1892,2029,2556,2428,2400,2448,2617,3749,4434,3903,3850,4023,4507,3745,3702,3702
Irrigated Palay,PHILIPPINES,..Fuel and oil,0,0,0,0,0,0,0,0,0,0,0,5,5,5,4,5,5,5,5,4,0,0,0,0,0,0,0,0,0,0,0,1,1,1,1,1,1,1,1,1,0,0,0,0,0,0,0,0,0,0,0,3,3,3,3,3,3,3,3,3
Irrigated Palay,PHILIPPINES,..Transport cost,0,0,0,0,0,0,0,0,0,0,0,6,6,6,6,6,6,7,7,7,0,0,0,0,0,0,0,0,0,0,0,12,12,12,12,13,14,13,14,14,0,0,0,0,0,0,0,0,0,0,0,9,9,9,9,9,10,10,10,11
Irrigated Palay,PHILIPPINES,..Land tax,0,0,0,0,0,0,0,0,0,0,0,0,0,0,0,0,0,0,0,0,0,0,0,0,0,0,0,0,0,0,0,0,0,0,0,0,0,0,0,0,0,0,0,0,0,0,0,0,0,0,0,0,0,0,0,0,0,0,0,0
Irrigated Palay,PHILIPPINES,..Sacks and tying materials,0,0,0,0,0,0,0,0,0,0,0,0,0,0,36,37,39,40,41,41,0,0,0,0,0,0,0,0,0,0,0,0,0,0,47,49,51,52,54,55,0,0,0,0,0,0,0,0,0,0,0,0,0,0,42,43,46,47,48,50
Irrigated Palay,PHILIPPINES,..Others,0,0,0,0,0,0,0,39,40,42,43,35,36,36,0,0,0,0,0,0,0,0,0,0,0,0,0,45,47,49,51,46,48,46,0,0,0,0,0,0,0,0,0,0,0,0,0,41,42,44,45,41,43,42,0,0,0,0,0,0
Irrigated Palay,PHILIPPINES,TOTAL COSTS,23862,24378,26377,30089,31308,32515,39873,42535,43033,44775,47742,45379,53277,50502,47965,49965,53677,53095,54018,49501,23260,24035,27289,29452,29816,32328,38074,38278,39603,42067,44450,47637,53326,50593,49110,51202,55537,52156,54019,49689,23565,24227,26858,29790,30435,32381,39003,40998,41300,43436,46195,46513,53305,50585,48705,50625,53635,52649,53380,56570
Irrigated Palay,PHILIPPINES,GROSS RETURNS,31076,32794,36294,42417,44728,46354,62620,61117,61498,63755,70271,66503,89997,78626,75653,81756,89833,77337,78287,77304,30716,33724,37705,41459,41158,47991,54501,51878,57236,58491,67210,67866,87868,71148,72992,79339,85564,68687,71918,74503,30897,33327,37035,41970,42886,47191,58498,57782,59272,61014,68692,67201,88870,74697,74177,80450,87582,75172,75054,75850
Irrigated Palay,PHILIPPINES,RETURNS ABOVE CASH COSTS,20705,22474,24966,29266,31093,32177,46111,42298,42824,44060,49268,44151,66139,55222,52220,57828,64558,51133,51762,52811,19853,22897,25194,27947,27359,33456,36697,34814,40325,39919,48082,45428,64941,48142,50189,55681,60309,43093,45812,50662,20279,22755,25110,28639,29276,32887,41322,39597,41533,41911,48597,44805,65485,51485,51036,56633,62887,49498,49141,47634
Irrigated Palay,PHILIPPINES,RETURNS ABOVE CASH AND NON-CASH COSTS,13042,14528,16431,19470,20885,21633,31985,26799,27277,28059,31972,29635,47601,38666,38367,43057,48373,36598,37040,39164,12331,15001,16269,18244,17744,22469,24081,21126,25723,24829,31520,30066,46302,32071,35606,40465,43586,29344,31376,36923,12686,14819,16367,18874,19363,22109,27934,24751,26447,26357,31639,29865,46914,35176,36692,41645,46541,35130,34678,32915
Irrigated Palay,PHILIPPINES,NET RETURNS,7214,8416,9916,12328,13420,13839,22747,18583,18465,18980,22529,21124,36720,28124,27688,31791,36156,24242,24269,27803,7456,9689,10416,12007,11342,15663,16427,13600,17633,16424,22760,20229,34542,20555,23882,28137,30027,16530,17899,24814,7332,9100,10177,12181,12451,14810,19495,16784,17972,17578,22497,20688,35565,24112,25472,29825,33948,22524,21674,19280
Irrigated Palay,PHILIPPINES,NET PROFIT-COST RATIO,0.3,0.35,0.38,0.41,0.43,0.43,0.57,0.44,0.43,0.42,0.47,0.47,0.69,0.56,0.58,0.64,0.67,0.46,0.45,0.56,0.32,0.4,0.38,0.41,0.38,0.48,0.43,0.36,0.45,0.39,0.51,0.42,0.65,0.41,0.49,0.55,0.54,0.32,0.33,0.5,0.31,0.38,0.38,0.41,0.41,0.46,0.5,0.41,0.44,0.4,0.49,0.44,0.67,0.48,0.52,0.59,0.63,0.43,0.41,0.34
Irrigated Palay,PHILIPPINES,Cost per kilogram (pesos),6.85,6.66,6.78,7.5,7.58,7.79,9.53,10.86,10.68,10.75,11.16,11.16,11.91,11.19,10.89,11.06,11.82,12.02,11.99,10.84,6.47,6.22,6.92,7.3,7.32,7.64,9.28,10.31,10.03,10.82,10.59,12.35,12.15,12.26,11.89,11.83,13.2,11.72,12.13,11.06,6.66,6.43,6.85,7.4,7.42,7.7,9.42,10.67,10.36,10.8,10.91,11.75,12.04,11.73,11.44,11.46,12.28,11.87,11.92,12.5
Irrigated Palay,PHILIPPINES,Yield per hectare (kg),3485,3660,3890,4013,4130,4176,4183,3916,4030,4167,4277,4065,4473,4514,4404,4519,4540,4417,4507,4568,3593,3863,3944,4033,4075,4232,4104,3713,3950,3889,4198,3856,4389,4128,4129,4328,4208,4452,4455,4491,3539,3770,3919,4024,4100,4206,4140,3842,3986,4022,4235,3960,4428,4311,4256,4418,4366,4435,4479,4527
Irrigated Palay,PHILIPPINES,Farmgate price (pesos/kg),8.92,8.96,9.33,10.57,10.83,11.1,14.97,15.61,15.26,15.3,16.43,16.36,20.12,17.42,17.18,18.09,19.79,..,..,..,8.55,8.73,9.56,10.28,10.1,11.34,13.28,13.97,14.49,15.04,16.01,17.6,20.02,17.24,17.68,18.33,20.33,..,..,..,8.73,8.84,9.45,10.43,10.46,11.22,14.13,15.04,14.87,15.17,16.22,16.97,20.07,17.33,17.43,18.21,20.06,..,..,..
Non-Irrigated Palay,PHILIPPINES,CASH COSTS,6136,6867,7435,8441,8726,9065,14415,10431,10535,11082,11705,12986,14377,14234,14505,14902,15680,16292,16636,17288,6488,6915,7784,8353,8477,8964,12658,11651,11975,13107,13450,16079,16435,16531,17036,17229,18324,18628,19049,21329,6312,6894,7651,8445,8631,9047,11872,11069,11308,12108,12679,14794,15611,15590,15773,16280,16759,17506,17785,19205
Non-Irrigated Palay,PHILIPPINES,..Seeds paid in cash,184,198,206,233,239,245,330,434,465,466,500,840,1094,964,934,984,1076,952,944,920,202,216,242,260,256,287,336,543,578,600,639,1139,1367,1200,1207,1252,1388,1054,1102,1133,193,207,224,247,248,266,335,491,526,537,574,1015,1256,1105,1091,1140,1255,1061,1049,1048
Non-Irrigated Palay,PHILIPPINES,..Fertilizer paid in cash,1117,1400,1774,2423,2450,2582,7226,2798,2235,2389,2762,2763,2526,2452,2355,2201,2287,2515,2335,2416,1176,1575,2259,2585,2526,2697,6022,3159,2927,3723,3780,3728,3512,3417,3568,3083,3379,3514,3292,4795,1147,1487,2013,2503,2486,2638,4896,2987,2610,3048,3298,3327,3108,3021,2835,2745,2902,3103,2837,3599
Non-Irrigated Palay,PHILIPPINES,..Pesticides paid in cash,968,1137,1129,1170,1101,1012,1009,902,929,905,871,995,920,937,929,905,931,920,947,942,764,857,850,841,776,769,672,1479,1573,1559,1459,1151,1051,1080,1038,1100,1048,1075,1085,1079,866,998,989,1003,934,892,867,1204,1270,1248,1236,1086,996,1019,1016,1011,968,1000,1027,1021
Non-Irrigated Palay,PHILIPPINES,..Hired labor,2464,2687,2805,2956,3145,3369,3800,3437,3889,4142,4266,5208,6461,6637,6851,7250,7662,8044,8460,8895,2828,2700,2811,2923,3074,3291,3453,3484,3789,3969,4188,6164,6428,6923,7078,7503,7945,8380,8841,9342,2646,2694,2808,2940,3109,3330,3626,3461,3840,4057,4228,5767,6460,6804,6979,7391,7448,8057,8487,8945
Non-Irrigated Palay,PHILIPPINES,..Land tax paid in cash,96,97,98,99,100,101,102,145,147,148,149,139,140,140,143,145,146,148,149,151,117,118,119,120,122,123,124,308,311,314,317,201,203,203,207,209,211,213,215,218,106,107,108,109,110,111,112,230,233,235,237,175,177,177,179,182,184,186,188,189
Non-Irrigated Palay,PHILIPPINES,..Caretaker/Overseer's wages,0,0,0,0,0,0,0,0,0,0,0,18,20,19,21,23,24,25,26,28,0,0,0,0,0,0,0,0,0,0,0,15,16,16,17,19,20,21,22,23,0,0,0,0,0,0,0,0,0,0,0,16,17,17,19,20,20,21,22,23
Non-Irrigated Palay,PHILIPPINES,..Other permanent employee's salary,0,0,0,0,0,0,0,0,0,0,0,55,61,59,65,69,73,76,80,85,0,0,0,0,0,0,0,0,0,0,0,24,25,26,28,30,31,33,35,37,0,0,0,0,0,0,0,0,0,0,0,37,40,40,43,46,46,49,51,54
Non-Irrigated Palay,PHILIPPINES,..Rentals,192,199,208,225,236,256,299,295,314,327,341,439,496,472,517,547,579,600,629,658,121,129,141,150,151,166,195,176,185,193,204,352,387,377,399,420,451,438,461,484,156,164,174,187,192,206,241,233,246,257,270,388,433,418,448,473,485,490,511,535
Non-Irrigated Palay,PHILIPPINES,..Fuel and oil paid in cash,129,146,155,183,225,228,269,342,404,452,486,402,425,368,362,383,403,418,406,408,148,158,169,197,225,237,275,280,302,339,357,650,652,589,583,615,668,652,634,699,139,153,173,204,222,229,268,310,349,392,417,547,563,499,492,519,555,560,543,572
Non-Irrigated Palay,PHILIPPINES,..Transport cost paid in cash,57,59,62,76,89,89,95,0,0,0,0,115,116,115,114,119,126,129,128,144,53,54,55,64,70,70,80,0,0,0,0,179,180,179,179,189,203,202,217,232,55,57,64,76,86,86,95,0,0,0,0,152,153,152,151,159,169,171,177,194
Non-Irrigated Palay,PHILIPPINES,..Interest payment on crop loan,42,46,51,56,61,67,74,106,117,129,142,78,86,86,104,114,126,138,152,167,49,54,59,65,72,79,87,86,95,105,116,176,194,194,234,258,283,312,343,377,46,51,56,62,68,75,82,96,105,116,128,136,150,150,181,199,219,241,265,292
Non-Irrigated Palay,PHILIPPINES,..Irrigation fee,0,0,0,0,0,0,0,0,0,0,0,0,0,0,0,0,0,0,0,0,0,0,0,0,0,0,0,0,0,0,0,0,0,0,0,0,0,0,0,0,0,0,0,0,0,0,0,0,0,0,0,0,0,0,0,0,0,0,0,0
Non-Irrigated Palay,PHILIPPINES,..Sacks and tying materials paid in cash,0,0,0,0,0,0,0,0,0,0,0,0,0,254,267,274,286,296,303,317,0,0,0,0,0,0,0,0,0,0,0,0,0,364,385,396,421,427,439,458,0,0,0,0,0,0,0,0,0,0,0,0,0,318,336,346,363,372,382,399
Non-Irrigated Palay,PHILIPPINES,..Electricity cost,0,0,0,0,0,0,0,0,0,0,0,58,61,53,52,55,58,60,59,59,0,0,0,0,0,0,0,0,0,0,0,14,14,13,13,13,14,14,14,15,0,0,0,0,0,0,0,0,0,0,0,32,33,29,29,30,32,33,32,33
Non-Irrigated Palay,PHILIPPINES,..Food expense,519,530,557,597,633,652,723,556,579,615,627,881,938,917,987,1018,1073,1110,1140,1205,523,535,547,579,609,631,733,591,615,647,664,925,994,936,1027,1060,1145,1146,1179,1241,521,533,566,603,637,658,747,574,598,632,646,907,971,931,1013,1045,1114,1134,1166,1229
Non-Irrigated Palay,PHILIPPINES,..Repairs,364,364,387,419,443,459,482,994,1020,1052,1090,744,771,761,802,814,828,857,874,892,326,331,336,359,377,387,430,993,1027,1058,1106,989,1025,1003,1060,1071,1103,1134,1155,1181,345,348,374,403,424,438,473,994,1023,1055,1097,887,919,903,953,965,988,1019,1039,1061
Non-Irrigated Palay,PHILIPPINES,..Others paid in cash,4,4,4,5,5,5,5,420,436,457,471,251,262,2,2,2,2,2,2,3,181,188,195,209,220,227,251,552,573,600,620,372,387,11,12,12,13,13,13,14,92,95,101,108,115,118,130,489,508,531,548,322,335,8,9,9,9,9,10,10
Non-Irrigated Palay,PHILIPPINES,NON-CASH COSTS,5385,5780,6351,7096,7583,7744,10814,9357,10213,10907,11724,9429,12557,11194,10820,12108,13198,11693,12059,12378,5608,5996,6841,7310,7439,8637,10013,9255,10429,10969,11889,12255,15541,13571,13918,14643,16237,13084,13837,14304,5497,5901,6541,7162,7431,8154,10296,9305,10498,11015,11917,11082,14396,12651,12703,13634,14923,12995,13185,13497
Non-Irrigated Palay,PHILIPPINES,..Seeds paid in kind,797,858,893,1011,1036,1062,1432,887,952,954,1025,802,1044,920,892,939,1027,909,902,878,858,918,1029,1107,1088,1221,1430,1212,1291,1340,1426,848,1018,893,899,932,1034,784,821,843,828,889,961,1061,1064,1141,1437,1057,1132,1155,1235,829,1026,902,891,931,1025,866,856,856
Non-Irrigated Palay,PHILIPPINES,..Fertilizer paid in kind,0,0,0,0,0,0,0,26,20,21,24,22,21,21,19,18,19,20,19,20,0,0,0,0,0,0,0,19,18,23,23,20,20,19,20,17,19,19,18,27,0,0,0,0,0,0,0,22,19,22,24,20,19,19,17,17,18,19,17,22
Non-Irrigated Palay,PHILIPPINES,..Pesticides paid in kind,0,0,0,0,0,0,0,2,2,2,2,0,0,0,0,0,0,0,0,0,0,0,0,0,0,0,0,2,2,2,2,0,0,0,0,0,0,0,0,0,0,0,0,0,0,0,0,2,2,2,2,0,0,0,0,0,0,0,0,0
Non-Irrigated Palay,PHILIPPINES,..Hired labor paid in kind,311,327,341,359,382,410,462,469,494,526,542,372,415,397,440,466,492,517,544,572,209,175,183,190,200,214,224,399,414,434,458,471,498,507,549,581,616,649,685,724,260,252,262,275,290,311,339,432,452,478,498,430,467,462,505,535,539,567,597,629
Non-Irrigated Palay,PHILIPPINES,..Harvester's share,1400,1503,1749,1946,2156,2181,3216,2282,2558,2899,3140,2607,3755,3252,3037,3596,3929,3342,3518,3705,1552,1685,1966,2092,2189,2628,3041,2577,3089,3282,3626,3382,4659,3891,3971,4201,4685,3652,3877,3978,1476,1600,1827,1995,2127,2385,3060,2436,2928,3141,3452,3060,4318,3657,3632,3972,4382,3718,3786,3886
Non-Irrigated Palay,PHILIPPINES,..Thresher's share,1119,1202,1399,1557,1725,1745,2573,1822,2042,2314,2507,1983,2856,2474,2310,2735,2988,2542,2676,2818,1181,1283,1497,1593,1667,2001,2315,1836,2201,2339,2584,3057,4212,3517,3589,3798,4235,3301,3505,3596,1150,1247,1424,1555,1658,1859,2385,1829,2198,2358,2591,2611,3685,3120,3099,3389,3739,3172,3231,3316
Non-Irrigated Palay,PHILIPPINES,..Landowner's share,1197,1289,1342,1520,1557,1596,2152,2705,2902,2910,3125,2541,3162,2916,2825,2976,3254,2880,2857,2783,1299,1390,1559,1677,1648,1850,2167,2280,2429,2521,2684,2890,3346,3044,3063,3176,3523,2673,2797,2874,1248,1340,1449,1599,1604,1721,2167,2482,2659,2713,2901,2745,3287,2987,2949,3082,3395,2869,2836,2836
Non-Irrigated Palay,PHILIPPINES,..Caretaker/Overseer's wages paid in kind,0,0,0,0,0,0,0,0,0,0,0,245,273,262,290,307,324,340,358,376,0,0,0,0,0,0,0,0,0,0,0,376,398,405,438,464,492,518,547,578,0,0,0,0,0,0,0,0,0,0,0,322,350,346,378,400,403,424,447,471
Non-Irrigated Palay,PHILIPPINES,..Other permanent employee's salary paid in kind,0,0,0,0,0,0,0,0,0,0,0,3,3,3,4,4,4,4,4,5,0,0,0,0,0,0,0,0,0,0,0,..,..,..,..,..,..,..,..,..,0,0,0,0,0,0,0,0,0,0,0,2,2,2,2,2,3,3,3,3
Non-Irrigated Palay,PHILIPPINES,..Sheller's share,.,.,.,.,.,.,.,.,.,.,.,.,.,.,.,.,.,.,.,.,.,.,.,.,.,.,.,.,.,.,.,.,.,.,.,.,.,.,.,.,.,.,.,.,.,.,.,.,.,.,.,.,.,.,.,.,.,.,.,.
Non-Irrigated Palay,PHILIPPINES,..Lease rental,460,495,515,583,597,612,826,0,0,0,0,0,0,0,0,0,0,0,0,0,428,458,514,553,543,610,714,0,0,0,0,0,0,0,0,0,0,0,0,0,444,477,516,570,571,613,772,0,0,0,0,0,0,0,0,0,0,0,0,0
Non-Irrigated Palay,PHILIPPINES,..Rentals paid in kind,46,47,49,52,55,59,66,673,722,728,779,707,866,787,807,852,924,878,895,906,56,59,62,65,68,73,76,631,671,697,741,885,1032,937,961,1002,1117,918,963,998,51,53,55,58,61,66,71,651,696,711,759,811,966,879,896,941,1019,916,927,946
Non-Irrigated Palay,PHILIPPINES,..Transport cost paid in kind,0,0,0,0,0,0,0,0,0,0,0,0,0,0,0,0,0,0,0,0,0,0,0,0,0,0,0,0,0,0,0,0,0,0,0,0,0,0,0,0,0,0,0,0,0,0,0,0,0,0,0,0,0,0,0,0,0,0,0,0
Non-Irrigated Palay,PHILIPPINES,..Fuel and oil paid in kind,0,0,0,0,0,0,0,0,0,0,0,0,0,0,0,0,0,0,0,0,0,0,0,0,0,0,0,0,0,0,0,0,0,0,0,0,0,0,0,0,0,0,0,0,0,0,0,0,0,0,0,0,0,0,0,0,0,0,0,0
Non-Irrigated Palay,PHILIPPINES,..Interest payment on crop loan paid in kind,25,28,31,34,37,41,45,126,139,153,168,147,162,162,196,215,237,260,286,315,25,28,31,34,37,41,45,32,35,39,43,311,342,342,414,455,501,551,606,667,25,28,31,34,37,41,45,77,84,92,101,243,267,267,323,356,391,430,474,521
Non-Irrigated Palay,PHILIPPINES,..Irrigation fee paid in kind,0,0,0,0,0,0,0,0,0,0,0,0,0,0,0,0,0,0,0,0,0,0,0,0,0,0,0,0,0,0,0,0,0,0,0,0,0,0,0,0,0,0,0,0,0,0,0,0,0,0,0,0,0,0,0,0,0,0,0,0
Non-Irrigated Palay,PHILIPPINES,..Sacks and tying materials paid in kind,0,0,0,0,0,0,0,0,0,0,0,0,0,0,0,0,0,0,0,0,0,0,0,0,0,0,0,0,0,0,0,0,0,15,16,16,17,18,18,19,0,0,0,0,0,0,0,0,0,0,0,0,0,9,10,10,10,11,11,11
Non-Irrigated Palay,PHILIPPINES,..Others paid in kind,30,31,32,35,38,39,42,368,382,400,412,0,0,0,0,0,0,0,0,0,0,0,0,0,0,0,0,269,279,292,302,15,16,0,0,0,0,0,0,0,15,15,16,17,18,19,20,316,328,343,354,9,9,0,0,0,0,0,0,0
Non-Irrigated Palay,PHILIPPINES,IMPUTED COSTS,4614,5448,5767,6247,6557,6888,8414,7080,8545,8929,9243,7325,10233,10068,10328,10919,11760,12011,12299,12791,4181,5261,5688,6012,6184,6629,7452,8437,10056,10493,11005,8494,10932,10938,11298,11888,12966,12636,13104,13920,4399,5356,5726,6129,6370,6755,7783,7790,9352,9758,10176,8007,10663,10585,10867,11479,12080,12336,12822,13470
Non-Irrigated Palay,PHILIPPINES,..Seeds,0,0,0,0,0,0,0,253,271,272,292,133,173,153,148,156,172,151,150,146,0,0,0,0,0,0,0,216,230,239,254,201,241,212,213,221,251,186,195,200,0,0,0,0,0,0,0,234,250,255,273,172,213,187,185,193,216,180,178,178
Non-Irrigated Palay,PHILIPPINES,..Fertilizer,0,0,0,0,0,0,0,69,58,61,70,60,56,59,53,50,52,57,53,54,0,0,0,0,0,0,0,34,31,39,40,52,50,52,52,45,50,51,48,70,0,0,0,0,0,0,0,51,43,50,54,56,53,55,49,48,51,54,49,63
Non-Irrigated Palay,PHILIPPINES,..Pesticides,0,0,0,0,0,0,0,16,21,20,20,0,0,1,1,1,1,1,1,1,0,0,0,0,0,0,0,0,0,0,0,0,0,1,1,1,1,1,1,1,0,0,0,0,0,0,0,8,10,10,10,0,0,0,1,1,1,1,1,1
Non-Irrigated Palay,PHILIPPINES,..Operator labor,1476,1700,1774,1870,1989,2131,2404,2211,2781,2962,3050,1830,2725,2800,2890,3058,3232,3393,3568,3752,1183,1599,1665,1731,1820,1949,2045,2123,2672,2799,2953,1974,2769,2982,3049,3232,3423,3610,3808,4024,1330,1650,1720,1801,1904,2039,2221,2165,2726,2880,3001,1914,2758,2905,2980,3156,3180,3440,3623,3819
Non-Irrigated Palay,PHILIPPINES,..Family labor,1231,1595,1665,1755,1867,2000,2255,2021,2811,2994,3083,2028,3235,3323,3430,3630,3836,4027,4236,4454,1003,1461,1521,1582,1663,1781,1868,2413,3262,3417,3606,1766,2672,2878,2942,3119,3303,3483,3675,3883,1117,1528,1593,1667,1763,1889,2056,2226,3054,3226,3363,1875,2910,3065,3144,3330,3355,3630,3823,4030
Non-Irrigated Palay,PHILIPPINES,..Exchange labor,113,151,157,166,176,189,213,188,216,230,236,77,117,121,124,132,139,146,154,162,111,141,147,153,161,172,180,269,345,362,382,125,183,197,201,214,226,238,252,266,112,145,152,159,168,180,196,230,285,301,314,105,158,166,170,181,182,197,207,218
Non-Irrigated Palay,PHILIPPINES,..Depreciation,402,442,486,535,588,647,712,461,507,558,614,568,625,625,756,832,915,1006,1107,1218,343,377,415,456,502,552,607,594,654,719,791,782,860,860,1041,1145,1259,1385,1524,1676,373,410,451,496,546,600,660,530,584,642,706,693,762,762,922,1015,1116,1228,1350,1486
Non-Irrigated Palay,PHILIPPINES,..Interest on operating capital,421,514,596,688,673,626,1083,647,577,524,475,562,613,618,629,644,740,888,707,741,442,507,621,671,644,611,918,740,680,653,569,698,686,707,730,731,848,998,795,916,432,511,608,679,658,619,852,695,632,589,527,641,657,670,676,695,776,942,955,1041
Non-Irrigated Palay,PHILIPPINES,..Rental value of owned land,971,1046,1089,1233,1263,1295,1746,1177,1263,1266,1360,2054,2675,2357,2284,2405,2659,2328,2309,2250,1099,1176,1319,1419,1394,1565,1833,2022,2154,2236,2380,2867,3441,3020,3038,3151,3575,2652,2775,2851,1035,1112,1202,1327,1330,1427,1797,1619,1734,1769,1891,2529,3129,2752,2717,2839,3181,2643,2613,2612
Non-Irrigated Palay,PHILIPPINES,..Fuel and oil,0,0,0,0,0,0,0,0,0,0,0,0,0,0,0,0,0,0,0,0,0,0,0,0,0,0,0,0,0,0,0,0,0,0,0,0,0,0,0,0,0,0,0,0,0,0,0,0,0,0,0,0,0,0,0,0,0,0,0,0
Non-Irrigated Palay,PHILIPPINES,..Transport cost,0,0,0,0,0,0,0,0,0,0,0,1,1,1,1,1,1,1,1,1,0,0,0,0,0,0,0,0,0,0,0,3,3,3,3,3,3,3,4,4,0,0,0,0,0,0,0,0,0,0,0,2,2,2,2,2,2,2,2,3
Non-Irrigated Palay,PHILIPPINES,..Land tax,0,0,0,0,0,0,0,0,0,0,0,0,0,0,0,0,0,0,0,0,0,0,0,0,0,0,0,0,0,0,0,0,0,0,0,0,0,0,0,0,0,0,0,0,0,0,0,0,0,0,0,0,0,0,0,0,0,0,0,0
Non-Irrigated Palay,PHILIPPINES,..Sacks and tying materials,0,0,0,0,0,0,0,0,0,0,0,12,12,12,12,12,13,13,13,13,0,0,0,0,0,0,0,0,0,0,0,26,26,26,26,26,27,27,27,27,0,0,0,0,0,0,0,0,0,0,0,20,20,20,20,20,20,20,20,20
Non-Irrigated Palay,PHILIPPINES,..Others,0,0,0,0,0,0,0,39,40,42,43,0,0,0,0,0,0,0,0,0,0,0,0,0,0,0,0,27,28,29,30,1,1,1,1,1,1,1,1,1,0,0,0,0,0,0,0,32,34,36,37,..,..,..,..,..,..,..,..,..
Non-Irrigated Palay,PHILIPPINES,TOTAL COSTS,16135,18095,19553,21784,22867,23697,33642,26869,29293,30918,32672,29740,37167,35496,35653,37929,40638,39997,40994,42457,16277,18172,20313,21676,22099,24231,30122,29344,32460,34569,36344,36828,42908,41040,42252,43760,47526,44348,45990,49552,16208,18151,19918,21736,22432,23956,29951,28164,31158,32881,34772,33883,40670,38826,39342,41393,43762,42837,43792,46173
Non-Irrigated Palay,PHILIPPINES,GROSS RETURNS,18743,18776,21851,24322,26945,27262,40194,33223,37234,42197,45708,37590,54143,46140,43791,51850,56646,48193,50722,53423,20258,23684,26978,28691,30017,36039,41699,36152,43340,46052,50880,47938,66046,54188,56285,59551,66404,51759,54961,56386,19499,22303,25175,27483,29309,32863,42164,34756,41770,44812,49244,43648,61595,51286,51808,56657,62500,53033,54009,55432
Non-Irrigated Palay,PHILIPPINES,RETURNS ABOVE CASH COSTS,12607,11909,14416,15881,18219,18197,25780,22792,26699,31115,34003,24604,39766,31906,29286,36948,40966,31901,34086,36135,13770,16769,19194,20338,21540,27074,29041,24501,31365,32945,37430,31859,49611,37657,39249,42322,48081,33131,35912,35057,13187,15409,17524,19038,20677,23817,30292,23686,30462,32704,36565,28854,45984,35696,36035,40377,45741,35527,36224,36226
Non-Irrigated Palay,PHILIPPINES,RETURNS ABOVE CASH AND NON-CASH COSTS,7222,6129,8065,8784,10635,10453,14966,13434,16486,20208,22279,15175,27209,20712,18466,24840,27768,20207,22027,23757,8162,10773,12353,13028,14102,18437,19029,15246,20936,21976,25541,19604,34070,24086,25331,27679,31844,20047,22075,20753,7690,9508,10983,11876,13247,15662,19996,14381,19964,21689,24648,17772,31588,23046,23332,26743,30818,22532,23039,22729
Non-Irrigated Palay,PHILIPPINES,NET RETURNS,2608,681,2297,2537,4078,3565,6552,6354,7941,11279,13036,7850,16976,10644,8138,13921,16008,8196,9729,10966,3981,5512,6666,7016,7918,11807,11577,6809,10880,11483,14536,11110,23138,13148,14033,15791,18878,7411,8971,6834,3291,4152,5257,5747,6876,8907,12213,6591,10612,11931,14472,9765,20925,12460,12466,15264,18738,10196,10217,9259
Non-Irrigated Palay,PHILIPPINES,NET PROFIT-COST RATIO,0.16,0.04,0.12,0.12,0.18,0.15,0.19,0.24,0.27,0.36,0.4,0.26,0.46,0.3,0.23,0.37,0.39,0.2,0.24,0.26,0.24,0.3,0.33,0.32,0.36,0.49,0.38,0.23,0.34,0.33,0.4,0.3,0.54,0.32,0.33,0.36,0.4,0.17,0.2,0.14,0.2,0.23,0.26,0.26,0.31,0.37,0.41,0.23,0.34,0.36,0.42,0.29,0.51,0.32,0.32,0.37,0.43,0.24,0.23,0.2
Non-Irrigated Palay,PHILIPPINES,Cost per kilogram (pesos),7.16,8.64,8.35,9.47,9.19,9.65,12.53,11.5,12.01,11.21,11.74,12.22,13.81,13.4,13.99,13.24,14.2,14.53,14.04,13.45,6.55,6.7,7.2,7.77,7.44,7.62,9.59,11.04,10.85,11.29,11.44,12.81,13.01,13.05,13.27,13.47,14.55,13.22,13.51,14.58,6.84,7.19,7.48,8.25,8.01,8.18,10.04,11.25,11.09,11.13,11.45,12.59,13.25,13.12,13.23,13.3,14.05,13.69,13.59,13.96
Non-Irrigated Palay,PHILIPPINES,Yield per hectare (kg),2254,2095,2342,2301,2488,2456,2685,2336,2440,2758,2782,2433,2691,2649,2549,2866,2863,2752,2920,3157,2484,2713,2822,2791,2972,3178,3140,2657,2991,3062,3178,2874,3299,3144,3184,3249,3266,3354,3405,3399,2369,2523,2664,2635,2802,2929,2984,2504,2809,2954,3036,2691,3069,2960,2973,3111,3116,3129,3223,3308
Non-Irrigated Palay,PHILIPPINES,Farmgate price (pesos/kg),8.32,8.96,9.33,10.57,10.83,11.1,14.97,14.22,15.26,15.3,16.43,15.45,20.12,17.42,17.18,18.09,19.79,..,..,..,8.16,8.73,9.56,10.28,10.1,11.34,13.28,13.6,14.49,15.04,16.01,16.68,20.02,17.24,17.68,18.33,20.33,..,..,..,8.23,8.84,9.45,10.43,10.46,11.22,14.13,13.88,14.87,15.17,16.22,16.22,20.07,17.33,17.43,18.21,20.06,..,..,..
All Corn,PHILIPPINES,CASH COSTS,5255,5487,6395,7438,7764,9539,10886,..,..,..,..,..,..,..,..,..,..,..,..,..,5594,6106,7295,7994,8195,9408,12681,..,..,..,..,..,..,..,..,..,..,..,..,..,5430,5827,6849,7717,7963,9374,11805,12361,12443,13682,14182,13580,14395,14550,14413,14682,15461,16314,16225,18063
All Corn,PHILIPPINES,..Seeds paid in cash,603,562,780,713,812,885,939,..,..,..,..,..,..,..,..,..,..,..,..,..,528,517,613,547,649,705,824,..,..,..,..,..,..,..,..,..,..,..,..,..,565,538,693,632,725,791,881,1545,1581,1799,1798,2161,2306,2172,2104,2103,2482,2349,2188,2504
All Corn,PHILIPPINES,..Fertilizer paid in cash,1576,1939,2455,3352,3390,4953,5840,..,..,..,..,..,..,..,..,..,..,..,..,..,1502,2017,2893,3310,3235,4289,7086,..,..,..,..,..,..,..,..,..,..,..,..,..,1537,1978,2678,3330,3308,4527,6493,3910,3490,4077,4401,3878,3622,3510,3282,3166,3380,3632,3334,4224
All Corn,PHILIPPINES,..Pesticides paid in cash,181,223,224,224,222,203,213,..,..,..,..,..,..,..,..,..,..,..,..,..,182,188,189,188,173,172,176,..,..,..,..,..,..,..,..,..,..,..,..,..,181,205,206,205,196,187,181,415,658,644,646,491,858,853,857,838,805,931,867,951
All Corn,PHILIPPINES,..Hired labor,1927,1768,1863,1990,2072,2184,2464,..,..,..,..,..,..,..,..,..,..,..,..,..,2173,2137,2235,2479,2571,2618,2775,..,..,..,..,..,..,..,..,..,..,..,..,..,2054,1981,2050,2233,2321,2403,2628,3513,3595,3835,3883,4214,4615,4963,5052,5324,5341,5821,6133,6450
All Corn,PHILIPPINES,..Land tax paid in cash,109,110,111,112,113,114,115,..,..,..,..,..,..,..,..,..,..,..,..,..,99,100,101,102,103,104,105,..,..,..,..,..,..,..,..,..,..,..,..,..,104,105,106,107,108,109,110,107,108,109,110,108,109,110,111,112,113,114,116,117
All Corn,PHILIPPINES,..Caretaker/Overseer's wages,0,0,0,0,0,0,0,..,..,..,..,..,..,..,..,..,..,..,..,..,0,0,0,0,0,0,0,..,..,..,..,..,..,..,..,..,..,..,..,..,0,0,0,0,0,0,0,0,0,0,0,16,18,19,19,20,20,22,23,25
All Corn,PHILIPPINES,..Other permanent employee's salary,0,0,0,0,0,0,0,..,..,..,..,..,..,..,..,..,..,..,..,..,0,0,0,0,0,0,0,..,..,..,..,..,..,..,..,..,..,..,..,..,0,0,0,0,0,0,0,0,0,0,0,0,0,0,0,0,0,0,0,0
All Corn,PHILIPPINES,..Rentals,127,123,151,146,160,172,186,..,..,..,..,..,..,..,..,..,..,..,..,..,134,134,146,151,164,170,187,..,..,..,..,..,..,..,..,..,..,..,..,..,131,130,150,149,162,172,190,476,487,544,546,306,331,334,333,342,370,378,378,412
All Corn,PHILIPPINES,..Fuel and oil paid in cash,72,81,86,102,125,127,150,..,..,..,..,..,..,..,..,..,..,..,..,..,26,28,34,40,46,48,56,..,..,..,..,..,..,..,..,..,..,..,..,..,48,53,60,71,77,80,94,200,226,254,270,271,279,254,243,257,275,277,269,283
All Corn,PHILIPPINES,..Transport cost paid in cash,122,127,134,162,190,190,204,..,..,..,..,..,..,..,..,..,..,..,..,..,159,164,196,227,246,249,281,..,..,..,..,..,..,..,..,..,..,..,..,..,141,146,165,195,220,221,245,0,0,0,0,187,189,189,186,196,209,211,218,239
All Corn,PHILIPPINES,..Interest payment on crop loan,78,86,95,105,116,128,141,..,..,..,..,..,..,..,..,..,..,..,..,..,123,136,150,165,182,200,220,..,..,..,..,..,..,..,..,..,..,..,..,..,101,111,122,134,147,162,178,367,404,444,488,442,486,535,589,647,712,783,862,948
All Corn,PHILIPPINES,..Irrigation fee,8,8,11,10,11,12,13,..,..,..,..,..,..,..,..,..,..,..,..,..,2,2,2,2,2,2,2,..,..,..,..,..,..,..,..,..,..,..,..,..,5,5,6,5,6,7,8,8,8,9,9,12,13,12,12,12,14,13,12,14
All Corn,PHILIPPINES,..Sacks and tying materials paid in cash,0,0,0,0,0,0,0,..,..,..,..,..,..,..,..,..,..,..,..,..,0,0,0,0,0,0,0,..,..,..,..,..,..,..,..,..,..,..,..,..,0,0,0,0,0,0,0,0,0,0,0,0,0,300,304,313,329,337,346,361
All Corn,PHILIPPINES,..Electricity cost,0,0,0,0,0,0,0,..,..,..,..,..,..,..,..,..,..,..,..,..,0,0,0,0,0,0,0,..,..,..,..,..,..,..,..,..,..,..,..,..,0,0,0,0,0,0,0,0,0,0,0,11,11,10,10,10,11,11,11,11
All Corn,PHILIPPINES,..Food expense,276,282,296,317,336,346,384,..,..,..,..,..,..,..,..,..,..,..,..,..,371,379,408,432,454,470,546,..,..,..,..,..,..,..,..,..,..,..,..,..,325,332,353,376,397,410,466,534,556,588,601,564,604,619,630,650,693,705,724,764
All Corn,PHILIPPINES,..Repairs,154,154,164,178,188,195,205,..,..,..,..,..,..,..,..,..,..,..,..,..,144,146,159,170,179,184,204,..,..,..,..,..,..,..,..,..,..,..,..,..,149,150,161,173,182,188,203,775,798,823,856,614,636,648,660,668,684,705,719,734
All Corn,PHILIPPINES,..Others paid in cash,23,24,25,27,29,30,32,..,..,..,..,..,..,..,..,..,..,..,..,..,152,158,169,181,191,197,219,..,..,..,..,..,..,..,..,..,..,..,..,..,90,93,99,107,114,117,128,512,532,556,574,305,318,22,22,23,24,25,25,26
All Corn,PHILIPPINES,NON-CASH COSTS,1355,1306,1837,1660,2023,2225,2490,..,..,..,..,..,..,..,..,..,..,..,..,..,1398,1348,1722,1583,1922,2220,2519,..,..,..,..,..,..,..,..,..,..,..,..,..,1377,1317,1775,1634,1962,2223,2507,2009,2107,2461,2515,2004,2190,2064,1994,2074,2409,2346,2206,2545
All Corn,PHILIPPINES,..Seeds paid in kind,82,77,107,98,112,122,129,..,..,..,..,..,..,..,..,..,..,..,..,..,84,83,98,87,103,112,131,..,..,..,..,..,..,..,..,..,..,..,..,..,83,79,102,93,107,117,130,156,160,182,182,178,190,179,173,173,205,194,180,206
All Corn,PHILIPPINES,..Fertilizer paid in kind,0,0,0,0,0,0,0,..,..,..,..,..,..,..,..,..,..,..,..,..,0,0,0,0,0,0,0,..,..,..,..,..,..,..,..,..,..,..,..,..,0,0,0,0,0,0,0,5,5,6,6,71,69,67,63,61,65,70,64,81
All Corn,PHILIPPINES,..Pesticides paid in kind,0,0,0,0,0,0,0,..,..,..,..,..,..,..,..,..,..,..,..,..,0,0,0,0,0,0,0,..,..,..,..,..,..,..,..,..,..,..,..,..,0,0,0,0,0,0,0,0,0,0,0,14,28,28,28,28,26,31,29,31
All Corn,PHILIPPINES,..Hired labor paid in kind,77,67,71,76,79,83,94,..,..,..,..,..,..,..,..,..,..,..,..,..,48,60,63,70,72,74,78,..,..,..,..,..,..,..,..,..,..,..,..,..,62,64,67,73,76,78,86,172,205,219,221,91,100,107,109,115,115,125,132,139
All Corn,PHILIPPINES,..Harvester's share,511,517,762,669,887,988,1157,..,..,..,..,..,..,..,..,..,..,..,..,..,612,571,787,730,913,1106,1237,..,..,..,..,..,..,..,..,..,..,..,..,..,563,536,772,706,891,1046,1193,795,831,1015,1057,919,1014,942,904,964,1135,1100,1028,1198
All Corn,PHILIPPINES,..Thresher's share,.,.,.,.,.,.,.,.,.,.,.,.,.,.,..,..,..,..,..,..,.,.,.,.,.,.,.,.,.,.,.,.,.,.,..,..,..,..,..,..,.,.,.,.,.,.,.,.,.,.,.,.,.,.,.,.,.,.,.,.
All Corn,PHILIPPINES,..Landowner's share,591,551,765,699,796,868,921,..,..,..,..,..,..,..,..,..,..,..,..,..,502,492,584,521,618,671,784,..,..,..,..,..,..,..,..,..,..,..,..,..,545,519,668,609,699,763,850,599,613,698,697,465,496,467,452,452,534,505,470,538
All Corn,PHILIPPINES,..Caretaker/Overseer's wages paid in kind,0,0,0,0,0,0,0,..,..,..,..,..,..,..,..,..,..,..,..,..,0,0,0,0,0,0,0,..,..,..,..,..,..,..,..,..,..,..,..,..,0,0,0,0,0,0,0,0,0,0,0,2,2,2,2,2,2,2,2,3
All Corn,PHILIPPINES,..Other permanent employee's salary paid in kind,0,0,0,0,0,0,0,..,..,..,..,..,..,..,..,..,..,..,..,..,0,0,0,0,0,0,0,..,..,..,..,..,..,..,..,..,..,..,..,..,0,0,0,0,0,0,0,0,0,0,0,0,0,0,0,0,0,0,0,0
All Corn,PHILIPPINES,..Sheller's share,65,66,97,85,113,126,148,..,..,..,..,..,..,..,..,..,..,..,..,..,126,117,161,149,186,225,252,..,..,..,..,..,..,..,..,..,..,..,..,..,96,92,133,122,154,181,206,174,182,222,231,245,270,251,241,257,302,293,274,319
All Corn,PHILIPPINES,..Lease rental,19,18,25,23,26,28,30,..,..,..,..,..,..,..,..,..,..,..,..,..,24,23,27,24,28,30,35,..,..,..,..,..,..,..,..,..,..,..,..,..,22,21,27,25,29,32,36,0,0,0,0,0,0,0,0,0,0,0,0,0
All Corn,PHILIPPINES,..Rentals paid in kind,7,7,7,7,7,7,8,..,..,..,..,..,..,..,..,..,..,..,..,..,0,0,0,0,0,0,0,..,..,..,..,..,..,..,..,..,..,..,..,..,4,4,4,4,4,4,4,40,41,46,46,14,15,14,14,14,16,15,15,17
All Corn,PHILIPPINES,..Transport cost paid in kind,0,0,0,0,0,0,0,..,..,..,..,..,..,..,..,..,..,..,..,..,0,0,0,0,0,0,0,..,..,..,..,..,..,..,..,..,..,..,..,..,0,0,0,0,0,0,0,0,0,0,0,0,0,0,0,0,0,0,0,0
All Corn,PHILIPPINES,..Fuel and oil paid in kind,1,1,1,1,1,1,1,..,..,..,..,..,..,..,..,..,..,..,..,..,1,1,1,1,1,1,1,..,..,..,..,..,..,..,..,..,..,..,..,..,1,1,1,1,1,1,1,0,0,0,0,0,0,0,0,0,0,0,0,0
All Corn,PHILIPPINES,..Interest payment on crop loan paid in kind,0,0,0,0,0,0,0,..,..,..,..,..,..,..,..,..,..,..,..,..,1,1,1,1,1,1,1,..,..,..,..,..,..,..,..,..,..,..,..,..,..,..,..,..,..,..,..,2,2,2,2,5,6,7,8,8,9,10,11,12
All Corn,PHILIPPINES,..Irrigation fee paid in kind,0,0,0,0,0,0,0,..,..,..,..,..,..,..,..,..,..,..,..,..,0,0,0,0,0,0,0,..,..,..,..,..,..,..,..,..,..,..,..,..,0,0,0,0,0,0,0,0,0,0,0,0,0,0,0,0,0,0,0,0
All Corn,PHILIPPINES,..Sacks and tying materials paid in kind,0,0,0,0,0,0,0,..,..,..,..,..,..,..,..,..,..,..,..,..,0,0,0,0,0,0,0,..,..,..,..,..,..,..,..,..,..,..,..,..,0,0,0,0,0,0,0,0,0,0,0,0,0,0,0,0,0,0,0,0
All Corn,PHILIPPINES,..Others paid in kind,2,2,2,2,2,2,2,..,..,..,..,..,..,..,..,..,..,..,..,..,0,0,0,0,0,0,0,..,..,..,..,..,..,..,..,..,..,..,..,..,1,1,1,1,1,1,1,65,68,71,73,0,0,0,0,0,0,0,0,0
All Corn,PHILIPPINES,IMPUTED COSTS,4535,4961,5536,5859,6170,6604,7395,..,..,..,..,..,..,..,..,..,..,..,..,..,3516,4251,4654,5004,5255,5442,6101,..,..,..,..,..,..,..,..,..,..,..,..,..,4008,4602,5088,5436,5705,6001,6725,7460,8196,8815,8849,5055,5427,5546,5566,5757,6225,6592,6660,7287
All Corn,PHILIPPINES,..Seeds,0,0,0,0,0,0,0,..,..,..,..,..,..,..,..,..,..,..,..,..,0,0,0,0,0,0,0,..,..,..,..,..,..,..,..,..,..,..,..,..,0,0,0,0,0,0,0,113,115,131,131,56,60,57,55,55,65,62,57,66
All Corn,PHILIPPINES,..Fertilizer,0,0,0,0,0,0,0,..,..,..,..,..,..,..,..,..,..,..,..,..,0,0,0,0,0,0,0,..,..,..,..,..,..,..,..,..,..,..,..,..,0,0,0,0,0,0,0,129,101,117,127,86,82,79,74,72,76,82,75,95
All Corn,PHILIPPINES,..Pesticides,0,0,0,0,0,0,0,..,..,..,..,..,..,..,..,..,..,..,..,..,0,0,0,0,0,0,0,..,..,..,..,..,..,..,..,..,..,..,..,..,0,0,0,0,0,0,0,29,46,45,45,4,6,6,6,6,5,6,6,6
All Corn,PHILIPPINES,..Operator labor,1403,1515,1596,1705,1776,1871,2112,..,..,..,..,..,..,..,..,..,..,..,..,..,1125,1381,1444,1602,1661,1692,1793,..,..,..,..,..,..,..,..,..,..,..,..,..,1260,1447,1519,1654,1719,1780,1947,2002,2232,2381,2411,91,100,107,109,115,115,125,132,139
All Corn,PHILIPPINES,..Family labor,1523,1772,1868,1995,2078,2190,2471,..,..,..,..,..,..,..,..,..,..,..,..,..,1132,1520,1590,1764,1829,1863,1974,..,..,..,..,..,..,..,..,..,..,..,..,..,1321,1646,1728,1882,1955,2025,2214,1883,2384,2543,2575,1831,2005,2157,2196,2314,2321,2530,2665,2803
All Corn,PHILIPPINES,..Exchange labor,263,299,315,337,351,370,417,..,..,..,..,..,..,..,..,..,..,..,..,..,103,123,128,143,148,151,160,..,..,..,..,..,..,..,..,..,..,..,..,..,180,210,221,240,250,258,283,459,488,521,528,289,316,341,347,366,367,400,421,443
All Corn,PHILIPPINES,..Depreciation,306,336,370,407,448,493,542,..,..,..,..,..,..,..,..,..,..,..,..,..,140,154,169,186,205,226,249,..,..,..,..,..,..,..,..,..,..,..,..,..,220,242,266,293,322,354,389,298,328,361,397,328,361,397,437,480,528,581,639,703
All Corn,PHILIPPINES,..Interest on operating capital,382,426,536,637,631,714,828,..,..,..,..,..,..,..,..,..,..,..,..,..,390,461,597,662,644,676,951,..,..,..,..,..,..,..,..,..,..,..,..,..,386,446,567,650,636,686,892,801,715,687,606,620,631,643,638,645,738,904,889,1003
All Corn,PHILIPPINES,..Rental value of owned land,658,613,851,778,886,966,1025,..,..,..,..,..,..,..,..,..,..,..,..,..,626,612,726,647,768,834,974,..,..,..,..,..,..,..,..,..,..,..,..,..,641,611,787,717,823,898,1000,1700,1740,1980,1978,1730,1846,1739,1685,1684,1987,1880,1752,2005
All Corn,PHILIPPINES,..Fuel and oil,0,0,0,0,0,0,0,..,..,..,..,..,..,..,..,..,..,..,..,..,0,0,0,0,0,0,0,..,..,..,..,..,..,..,..,..,..,..,..,..,0,0,0,0,0,0,0,0,0,0,0,0,0,0,0,0,0,0,0,0
All Corn,PHILIPPINES,..Transport cost,0,0,0,0,0,0,0,..,..,..,..,..,..,..,..,..,..,..,..,..,0,0,0,0,0,0,0,..,..,..,..,..,..,..,..,..,..,..,..,..,0,0,0,0,0,0,0,0,0,0,0,0,0,0,0,0,0,0,0,0
All Corn,PHILIPPINES,..Land tax,0,0,0,0,0,0,0,..,..,..,..,..,..,..,..,..,..,..,..,..,0,0,0,0,0,0,0,..,..,..,..,..,..,..,..,..,..,..,..,..,0,0,0,0,0,0,0,0,0,0,0,11,11,11,11,11,11,11,12,12
All Corn,PHILIPPINES,..Sacks and tying materials,0,0,0,0,0,0,0,..,..,..,..,..,..,..,..,..,..,..,..,..,0,0,0,0,0,0,0,..,..,..,..,..,..,..,..,..,..,..,..,..,0,0,0,0,0,0,0,0,0,0,0,9,9,9,9,9,10,10,10,11
All Corn,PHILIPPINES,..Others,0,0,0,0,0,0,0,..,..,..,..,..,..,..,..,..,..,..,..,..,0,0,0,0,0,0,0,..,..,..,..,..,..,..,..,..,..,..,..,..,0,0,0,0,0,0,0,46,47,49,51,0,0,0,0,0,0,0,0,0
All Corn,PHILIPPINES,TOTAL COSTS,11145,11754,13768,14957,15957,18368,20771,..,..,..,..,..,..,..,..,..,..,..,..,..,10508,11705,13671,14581,15372,17070,21301,..,..,..,..,..,..,..,..,..,..,..,..,..,10815,11746,13712,14787,15630,17598,21037,21830,22746,24958,25546,20639,22012,22160,21973,22513,24095,25252,25091,27894
All Corn,PHILIPPINES,GROSS RETURNS,14096,14254,20999,18442,24447,27227,31885,..,..,..,..,..,..,..,..,..,..,..,..,..,13046,12162,16761,15540,19436,23549,26330,..,..,..,..,..,..,..,..,..,..,..,..,..,13554,12907,18593,17014,21483,25211,28748,27278,28506,34825,36271,35256,38896,36127,34651,36966,43526,42202,39427,45941
All Corn,PHILIPPINES,RETURNS ABOVE CASH COSTS,8841,8767,14604,11004,16683,17688,20999,..,..,..,..,..,..,..,..,..,..,..,..,..,7452,6056,9466,7546,11241,14141,13649,..,..,..,..,..,..,..,..,..,..,..,..,..,8124,7080,11744,9297,13520,15837,16943,14917,16063,21143,22089,21676,24501,21577,20238,22284,28065,25888,23202,27878
All Corn,PHILIPPINES,RETURNS ABOVE CASH AND NON-CASH COSTS,7486,7461,12767,9344,14660,15463,18509,..,..,..,..,..,..,..,..,..,..,..,..,..,6054,4708,7744,5963,9319,11921,11130,..,..,..,..,..,..,..,..,..,..,..,..,..,6747,5763,9969,7663,11558,13614,14436,12908,13956,18682,19574,19672,22311,19513,18245,20210,25656,23542,20996,25333
All Corn,PHILIPPINES,NET RETURNS,2951,2500,7231,3485,8490,8859,11114,..,..,..,..,..,..,..,..,..,..,..,..,..,2538,457,3090,959,4064,6479,5029,..,..,..,..,..,..,..,..,..,..,..,..,..,2739,1161,4881,2227,5853,7613,7711,5448,5760,9867,10725,14617,16884,13967,12678,14453,19431,16950,14336,18047
All Corn,PHILIPPINES,NET PROFIT-COST RATIO,0.26,0.21,0.53,0.23,0.53,0.48,0.54,..,..,..,..,..,..,..,..,..,..,..,..,..,0.24,0.04,0.23,0.07,0.26,0.38,0.24,..,..,..,..,..,..,..,..,..,..,..,..,..,0.25,0.1,0.36,0.15,0.37,0.43,0.37,0.25,0.25,0.4,0.42,0.71,0.77,0.63,0.58,0.64,0.81,0.67,0.57,0.65
All Corn,PHILIPPINES,Cost per kilogram (pesos),5.59,5.43,6,6.78,6.21,7,7.17,..,..,..,..,..,..,..,..,..,..,..,..,..,5.7,6.67,6.7,6.88,6.88,6.85,8.93,..,..,..,..,..,..,..,..,..,..,..,..,..,5.65,6.13,6.4,6.87,6.61,6.92,8.08,8.73,8.91,9.11,8.94,7.17,7.4,7.55,7.56,7.26,7.79,7.96,7.89,8.62
All Corn,PHILIPPINES,Yield per hectare (kg),1994,2163,2295,2206,2568,2623,2896,..,..,..,..,..,..,..,..,..,..,..,..,..,1842,1755,2039,2120,2234,2492,2385,..,..,..,..,..,..,..,..,..,..,..,..,..,1915,1915,2142,2151,2366,2544,2604,2501,2552,2740,2856,2878,2976,2935,2906,3101,3095,3170,3179,3237
All Corn,PHILIPPINES,Farmgate price (pesos/kg),7.07,6.59,9.15,8.36,9.52,10.38,11.01,..,..,..,..,..,..,..,..,..,..,..,..,..,7.08,6.93,8.22,7.33,8.7,9.45,11.04,..,..,..,..,..,..,..,..,..,..,..,..,..,7.08,6.74,8.68,7.91,9.08,9.91,11.04,10.91,11.17,12.71,12.7,12.25,13.07,12.31,11.93,11.92,14.07,13.31,12.4,..
White Corn,PHILIPPINES,CASH COSTS,3293,3651,4225,5095,5222,6520,6558,..,..,..,..,..,..,..,..,..,..,..,..,..,3862,4385,5319,5870,5974,6681,8628,..,..,..,..,..,..,..,..,..,..,..,..,..,3598,4054,4787,5497,5615,6514,7618,6082,6300,6967,7221,6119,6293,6427,6369,6508,6688,7165,7186,7948
White Corn,PHILIPPINES,..Seeds paid in cash,195,180,239,253,240,269,312,..,..,..,..,..,..,..,..,..,..,..,..,..,148,139,183,144,179,180,226,..,..,..,..,..,..,..,..,..,..,..,..,..,170,157,208,192,206,219,264,92,87,114,106,119,120,113,106,111,129,123,112,128
White Corn,PHILIPPINES,..Fertilizer paid in cash,1231,1535,1943,2653,2683,3858,3587,..,..,..,..,..,..,..,..,..,..,..,..,..,1205,1666,2391,2735,2673,3307,4947,..,..,..,..,..,..,..,..,..,..,..,..,..,1217,1599,2166,2694,2676,3475,4267,2315,2137,2482,2687,2162,1942,1882,1766,1717,1813,1941,1790,2248
White Corn,PHILIPPINES,..Pesticides paid in cash,69,86,86,86,85,77,82,..,..,..,..,..,..,..,..,..,..,..,..,..,107,101,102,101,93,93,95,..,..,..,..,..,..,..,..,..,..,..,..,..,90,97,97,97,93,88,86,163,310,304,305,255,372,369,371,363,349,403,375,411
White Corn,PHILIPPINES,..Hired labor,1138,1176,1240,1324,1379,1453,1640,..,..,..,..,..,..,..,..,..,..,..,..,..,1478,1528,1598,1773,1838,1872,1984,..,..,..,..,..,..,..,..,..,..,..,..,..,1321,1379,1427,1554,1615,1672,1829,1638,1850,1973,1998,2177,2384,2564,2610,2751,2759,3007,3168,3332
White Corn,PHILIPPINES,..Land tax paid in cash,109,110,111,112,113,114,115,..,..,..,..,..,..,..,..,..,..,..,..,..,101,102,103,104,105,106,107,..,..,..,..,..,..,..,..,..,..,..,..,..,105,106,107,108,109,110,111,82,82,83,84,110,111,112,113,114,115,117,118,119
White Corn,PHILIPPINES,..Caretaker/Overseer's wages,0,0,0,0,0,0,0,..,..,..,..,..,..,..,..,..,..,..,..,..,0,0,0,0,0,0,0,..,..,..,..,..,..,..,..,..,..,..,..,..,0,0,0,0,0,0,0,0,0,0,0,1,1,1,1,1,1,1,1,1
White Corn,PHILIPPINES,..Other permanent employee's salary,0,0,0,0,0,0,0,..,..,..,..,..,..,..,..,..,..,..,..,..,0,0,0,0,0,0,0,..,..,..,..,..,..,..,..,..,..,..,..,..,0,0,0,0,0,0,0,0,0,0,0,0,0,0,0,0,0,0,0,0
White Corn,PHILIPPINES,..Rentals,69,68,79,83,82,89,102,..,..,..,..,..,..,..,..,..,..,..,..,..,110,110,124,123,135,136,152,..,..,..,..,..,..,..,..,..,..,..,..,..,91,89,102,104,110,116,132,462,448,555,527,214,231,243,245,257,264,282,291,310
White Corn,PHILIPPINES,..Fuel and oil paid in cash,26,29,31,37,45,46,54,..,..,..,..,..,..,..,..,..,..,..,..,..,18,19,23,27,31,33,38,..,..,..,..,..,..,..,..,..,..,..,..,..,21,24,27,32,35,36,42,9,10,11,12,2,2,2,2,2,2,2,2,2
White Corn,PHILIPPINES,..Transport cost paid in cash,87,90,95,115,135,135,145,..,..,..,..,..,..,..,..,..,..,..,..,..,121,125,150,174,189,191,216,..,..,..,..,..,..,..,..,..,..,..,..,..,105,109,123,146,165,166,184,0,0,0,0,146,147,147,145,152,162,164,169,186
White Corn,PHILIPPINES,..Interest payment on crop loan,45,49,54,59,65,72,79,..,..,..,..,..,..,..,..,..,..,..,..,..,98,107,118,130,143,157,173,..,..,..,..,..,..,..,..,..,..,..,..,..,73,80,88,97,107,118,130,134,147,162,178,57,63,69,76,83,92,101,111,122
White Corn,PHILIPPINES,..Irrigation fee,2,2,3,3,3,3,3,..,..,..,..,..,..,..,..,..,..,..,..,..,2,2,3,2,2,2,3,..,..,..,..,..,..,..,..,..,..,..,..,..,2,2,3,3,3,3,4,6,6,8,7,6,6,6,6,6,7,7,6,7
White Corn,PHILIPPINES,..Sacks and tying materials paid in cash,0,0,0,0,0,0,0,..,..,..,..,..,..,..,..,..,..,..,..,..,0,0,0,0,0,0,0,..,..,..,..,..,..,..,..,..,..,..,..,..,0,0,0,0,0,0,0,0,0,0,0,117,121,110,105,108,114,117,120,125
White Corn,PHILIPPINES,..Electricity cost,0,0,0,0,0,0,0,..,..,..,..,..,..,..,..,..,..,..,..,..,0,0,0,0,0,0,0,..,..,..,..,..,..,..,..,..,..,..,..,..,0,0,0,0,0,0,0,0,0,0,0,6,6,5,5,5,5,5,5,6
White Corn,PHILIPPINES,..Food expense,197,201,211,226,240,247,274,..,..,..,..,..,..,..,..,..,..,..,..,..,240,245,263,278,292,302,351,..,..,..,..,..,..,..,..,..,..,..,..,..,220,225,239,255,269,278,316,352,366,387,396,365,391,401,408,421,449,457,469,495
White Corn,PHILIPPINES,..Repairs,111,111,118,128,135,140,147,..,..,..,..,..,..,..,..,..,..,..,..,..,118,120,131,140,147,151,168,..,..,..,..,..,..,..,..,..,..,..,..,..,115,116,125,134,141,145,157,510,526,542,564,379,393,400,407,413,422,435,444,453
White Corn,PHILIPPINES,..Others paid in cash,14,14,15,16,17,17,18,..,..,..,..,..,..,..,..,..,..,..,..,..,116,121,130,139,147,151,168,..,..,..,..,..,..,..,..,..,..,..,..,..,69,71,75,81,86,88,96,319,331,346,357,3,3,3,3,3,3,3,3,3
White Corn,PHILIPPINES,NON-CASH COSTS,1243,1110,1491,1568,1596,1794,2100,..,..,..,..,..,..,..,..,..,..,..,..,..,1334,1243,1681,1418,1759,1878,2224,..,..,..,..,..,..,..,..,..,..,..,..,..,1291,1170,1586,1518,1675,1848,2163,2111,2099,2694,2517,1636,1711,1589,1522,1616,1917,1846,1712,1997
White Corn,PHILIPPINES,..Seeds paid in kind,98,90,119,126,120,135,156,..,..,..,..,..,..,..,..,..,..,..,..,..,98,92,121,95,118,119,149,..,..,..,..,..,..,..,..,..,..,..,..,..,98,91,121,111,119,127,153,238,226,296,274,175,176,165,155,162,189,179,163,186
White Corn,PHILIPPINES,..Fertilizer paid in kind,0,0,0,0,0,0,0,..,..,..,..,..,..,..,..,..,..,..,..,..,0,0,0,0,0,0,0,..,..,..,..,..,..,..,..,..,..,..,..,..,0,0,0,0,0,0,0,10,9,10,11,7,7,7,6,6,6,7,6,8
White Corn,PHILIPPINES,..Pesticides paid in kind,0,0,0,0,0,0,0,..,..,..,..,..,..,..,..,..,..,..,..,..,0,0,0,0,0,0,0,..,..,..,..,..,..,..,..,..,..,..,..,..,0,0,0,0,0,0,0,0,0,0,0,2,6,6,6,6,5,6,6,6
White Corn,PHILIPPINES,..Hired labor paid in kind,111,99,104,111,116,122,138,..,..,..,..,..,..,..,..,..,..,..,..,..,59,81,84,94,97,99,105,..,..,..,..,..,..,..,..,..,..,..,..,..,83,89,93,102,105,109,119,231,299,319,323,87,98,106,108,106,114,119,130,131
White Corn,PHILIPPINES,..Harvester's share,494,422,606,631,691,787,937,..,..,..,..,..,..,..,..,..,..,..,..,..,621,551,786,679,859,957,1103,..,..,..,..,..,..,..,..,..,..,..,..,..,562,485,698,680,776,887,1024,685,658,891,814,793,840,761,731,792,961,922,845,1015
White Corn,PHILIPPINES,..Thresher's share,.,.,.,.,.,.,.,.,.,.,.,.,.,.,..,..,..,..,..,..,.,.,.,.,.,.,.,.,.,.,.,.,.,.,..,..,..,..,..,..,.,.,.,.,.,.,.,.,.,.,.,.,.,.,.,.,.,.,.,.
White Corn,PHILIPPINES,..Landowner's share,500,461,611,647,614,688,797,..,..,..,..,..,..,..,..,..,..,..,..,..,447,421,553,434,539,543,681,..,..,..,..,..,..,..,..,..,..,..,..,..,471,438,580,534,573,610,734,666,632,827,767,382,384,361,340,354,413,392,358,408
White Corn,PHILIPPINES,..Caretaker/Overseer's wages paid in kind,0,0,0,0,0,0,0,..,..,..,..,..,..,..,..,..,..,..,..,..,0,0,0,0,0,0,0,..,..,..,..,..,..,..,..,..,..,..,..,..,0,0,0,0,0,0,0,0,0,0,0,3,3,3,3,3,3,4,4,4
White Corn,PHILIPPINES,..Other permanent employee's salary paid in kind,0,0,0,0,0,0,0,..,..,..,..,..,..,..,..,..,..,..,..,..,0,0,0,0,0,0,0,..,..,..,..,..,..,..,..,..,..,..,..,..,0,0,0,0,0,0,0,0,0,0,0,0,0,0,0,0,0,0,0,0
White Corn,PHILIPPINES,..Sheller's share,23,20,29,30,33,38,45,..,..,..,..,..,..,..,..,..,..,..,..,..,90,80,114,98,124,138,159,..,..,..,..,..,..,..,..,..,..,..,..,..,59,51,73,71,81,93,107,183,176,238,217,175,185,167,161,174,211,202,185,223
White Corn,PHILIPPINES,..Lease rental,13,12,16,17,16,18,21,..,..,..,..,..,..,..,..,..,..,..,..,..,18,17,22,17,21,21,26,..,..,..,..,..,..,..,..,..,..,..,..,..,16,14,19,18,19,20,24,0,0,0,0,0,0,0,0,0,0,0,0,0
White Corn,PHILIPPINES,..Rentals paid in kind,2,3,3,3,3,3,3,..,..,..,..,..,..,..,..,..,..,..,..,..,0,0,0,0,0,0,0,..,..,..,..,..,..,..,..,..,..,..,..,..,1,1,1,1,1,1,1,49,46,58,54,12,12,13,13,13,14,15,14,16
White Corn,PHILIPPINES,..Transport cost paid in kind,0,0,0,0,0,0,0,..,..,..,..,..,..,..,..,..,..,..,..,..,0,0,0,0,0,0,0,..,..,..,..,..,..,..,..,..,..,..,..,..,0,0,0,0,0,0,0,0,0,0,0,0,0,0,0,0,0,0,0,0
White Corn,PHILIPPINES,..Fuel and oil paid in kind,0,0,0,0,0,0,0,..,..,..,..,..,..,..,..,..,..,..,..,..,1,1,1,1,1,1,1,..,..,..,..,..,..,..,..,..,..,..,..,..,..,..,..,..,..,..,..,0,0,0,0,0,0,0,0,0,0,0,0,0
White Corn,PHILIPPINES,..Interest payment on crop loan paid in kind,0,0,0,0,0,0,0,..,..,..,..,..,..,..,..,..,..,..,..,..,0,0,0,0,0,0,0,..,..,..,..,..,..,..,..,..,..,..,..,..,0,0,0,0,0,0,0,3,3,3,3,0,0,0,0,0,0,0,0,0
White Corn,PHILIPPINES,..Irrigation fee paid in kind,0,0,0,0,0,0,0,..,..,..,..,..,..,..,..,..,..,..,..,..,0,0,0,0,0,0,0,..,..,..,..,..,..,..,..,..,..,..,..,..,0,0,0,0,0,0,0,0,0,0,0,0,0,0,0,0,0,0,0,0
White Corn,PHILIPPINES,..Sacks and tying materials paid in kind,0,0,0,0,0,0,0,..,..,..,..,..,..,..,..,..,..,..,..,..,0,0,0,0,0,0,0,..,..,..,..,..,..,..,..,..,..,..,..,..,0,0,0,0,0,0,0,0,0,0,0,0,0,0,0,0,0,0,0,0
White Corn,PHILIPPINES,..Others paid in kind,2,3,3,3,3,3,3,..,..,..,..,..,..,..,..,..,..,..,..,..,0,0,0,0,0,0,0,..,..,..,..,..,..,..,..,..,..,..,..,..,1,1,1,1,1,1,1,48,50,52,54,0,0,0,0,0,0,0,0,0
White Corn,PHILIPPINES,IMPUTED COSTS,4382,5067,5531,5968,6136,6560,7354,..,..,..,..,..,..,..,..,..,..,..,..,..,3489,4366,4787,5114,5375,5481,6067,..,..,..,..,..,..,..,..,..,..,..,..,..,3902,4692,5133,5522,5734,5979,6659,7395,8549,9375,9348,5861,6297,6620,6674,7023,7265,7809,8066,8618
White Corn,PHILIPPINES,..Seeds,0,0,0,0,0,0,0,..,..,..,..,..,..,..,..,..,..,..,..,..,0,0,0,0,0,0,0,..,..,..,..,..,..,..,..,..,..,..,..,..,0,0,0,0,0,0,0,39,37,48,45,33,33,31,29,30,36,34,31,35
White Corn,PHILIPPINES,..Fertilizer,0,0,0,0,0,0,0,..,..,..,..,..,..,..,..,..,..,..,..,..,0,0,0,0,0,0,0,..,..,..,..,..,..,..,..,..,..,..,..,..,0,0,0,0,0,0,0,16,18,21,22,6,7,7,6,6,7,7,7,8
White Corn,PHILIPPINES,..Pesticides,0,0,0,0,0,0,0,..,..,..,..,..,..,..,..,..,..,..,..,..,0,0,0,0,0,0,0,..,..,..,..,..,..,..,..,..,..,..,..,..,0,0,0,0,0,0,0,1,1,1,1,2,6,6,6,6,5,6,6,6
White Corn,PHILIPPINES,..Operator labor,1516,1772,1868,1995,2078,2190,2471,..,..,..,..,..,..,..,..,..,..,..,..,..,1300,1658,1734,1924,1995,2032,2154,..,..,..,..,..,..,..,..,..,..,..,..,..,1400,1710,1794,1955,2031,2103,2300,2611,3047,3251,3292,1937,2121,2281,2322,2447,2455,2675,2819,2964
White Corn,PHILIPPINES,..Family labor,1660,2023,2132,2277,2372,2499,2820,..,..,..,..,..,..,..,..,..,..,..,..,..,1229,1676,1753,1945,2017,2054,2177,..,..,..,..,..,..,..,..,..,..,..,..,..,1429,1838,1930,2102,2184,2262,2473,2385,3107,3315,3357,2134,2337,2513,2558,2696,2704,2947,3105,3266
White Corn,PHILIPPINES,..Exchange labor,316,360,380,406,422,445,502,..,..,..,..,..,..,..,..,..,..,..,..,..,99,125,131,145,151,154,163,..,..,..,..,..,..,..,..,..,..,..,..,..,199,236,248,270,281,291,318,540,597,636,644,241,264,283,288,304,305,332,350,368
White Corn,PHILIPPINES,..Depreciation,147,161,177,195,215,237,261,..,..,..,..,..,..,..,..,..,..,..,..,..,101,111,122,134,147,162,178,..,..,..,..,..,..,..,..,..,..,..,..,..,122,135,149,164,180,198,218,212,233,256,282,199,219,241,265,292,321,353,388,427
White Corn,PHILIPPINES,..Interest on operating capital,234,282,353,438,426,491,492,..,..,..,..,..,..,..,..,..,..,..,..,..,261,326,430,482,464,473,635,..,..,..,..,..,..,..,..,..,..,..,..,..,249,306,393,461,446,473,565,359,336,323,288,272,266,275,274,278,310,388,386,434
White Corn,PHILIPPINES,..Rental value of owned land,509,469,621,657,623,698,808,..,..,..,..,..,..,..,..,..,..,..,..,..,499,470,617,484,601,606,760,..,..,..,..,..,..,..,..,..,..,..,..,..,503,467,619,570,612,652,785,1189,1129,1478,1370,1018,1025,964,907,945,1104,1047,955,1089
White Corn,PHILIPPINES,..Fuel and oil,0,0,0,0,0,0,0,..,..,..,..,..,..,..,..,..,..,..,..,..,0,0,0,0,0,0,0,..,..,..,..,..,..,..,..,..,..,..,..,..,0,0,0,0,0,0,0,0,0,0,0,0,0,0,0,0,0,0,0,0
White Corn,PHILIPPINES,..Transport cost,0,0,0,0,0,0,0,..,..,..,..,..,..,..,..,..,..,..,..,..,0,0,0,0,0,0,0,..,..,..,..,..,..,..,..,..,..,..,..,..,0,0,0,0,0,0,0,0,0,0,0,1,1,1,1,1,1,1,1,1
White Corn,PHILIPPINES,..Land tax,0,0,0,0,0,0,0,..,..,..,..,..,..,..,..,..,..,..,..,..,0,0,0,0,0,0,0,..,..,..,..,..,..,..,..,..,..,..,..,..,0,0,0,0,0,0,0,0,0,0,0,13,13,13,13,13,13,14,14,14
White Corn,PHILIPPINES,..Sacks and tying materials,0,0,0,0,0,0,0,..,..,..,..,..,..,..,..,..,..,..,..,..,0,0,0,0,0,0,0,..,..,..,..,..,..,..,..,..,..,..,..,..,0,0,0,0,0,0,0,0,0,0,0,0,0,0,0,5,5,5,5,6
White Corn,PHILIPPINES,..Others,0,0,0,0,0,0,0,..,..,..,..,..,..,..,..,..,..,..,..,..,0,0,0,0,0,0,0,..,..,..,..,..,..,..,..,..,..,..,..,..,0,0,0,0,0,0,0,43,44,46,47,5,5,5,5,0,0,0,0,0
White Corn,PHILIPPINES,TOTAL COSTS,8918,9828,11247,12631,12954,14874,16012,..,..,..,..,..,..,..,..,..,..,..,..,..,8685,9994,11787,12402,13108,14040,16919,..,..,..,..,..,..,..,..,..,..,..,..,..,8791,9916,11506,12537,13024,14341,16440,15588,16948,19036,19086,13616,14301,14636,14565,15146,15870,16820,16964,18564
White Corn,PHILIPPINES,GROSS RETURNS,10834,9255,13294,13853,15162,17272,20556,..,..,..,..,..,..,..,..,..,..,..,..,..,10186,9036,12894,11141,14099,15702,18092,..,..,..,..,..,..,..,..,..,..,..,..,..,10485,9040,13019,12691,14484,16546,19095,18547,17820,24120,22041,22994,24367,22047,21189,22957,27836,26702,24471,29407
White Corn,PHILIPPINES,RETURNS ABOVE CASH COSTS,7541,5604,9069,8758,9940,10752,13998,..,..,..,..,..,..,..,..,..,..,..,..,..,6324,4651,7575,5271,8125,9021,9464,..,..,..,..,..,..,..,..,..,..,..,..,..,6887,4986,8232,7194,8869,10032,11477,12465,11520,17153,14820,16875,18074,15620,14820,16450,21148,19538,17285,21459
White Corn,PHILIPPINES,RETURNS ABOVE CASH AND NON-CASH COSTS,6298,4494,7578,7190,8344,8958,11898,..,..,..,..,..,..,..,..,..,..,..,..,..,4990,3408,5894,3853,6366,7143,7240,..,..,..,..,..,..,..,..,..,..,..,..,..,5596,3816,6646,5676,7194,8184,9314,10354,9421,14459,12303,15239,16363,14031,13298,14834,19231,17692,15573,19462
White Corn,PHILIPPINES,NET RETURNS,1916,-573,2047,1222,2208,2398,4544,..,..,..,..,..,..,..,..,..,..,..,..,..,1501,-958,1107,-1261,991,1662,1173,..,..,..,..,..,..,..,..,..,..,..,..,..,1694,-876,1513,154,1460,2205,2655,2959,872,5084,2955,9378,10066,7411,6624,7811,11965,9883,7507,10843
White Corn,PHILIPPINES,NET PROFIT-COST RATIO,0.21,-0.06,0.18,0.1,0.17,0.16,0.28,..,..,..,..,..,..,..,..,..,..,..,..,..,0.17,-0.1,0.09,-0.1,0.08,0.12,0.07,..,..,..,..,..,..,..,..,..,..,..,..,..,0.19,-0.09,0.13,0.01,0.11,0.15,0.16,0.19,0.05,0.27,0.15,0.69,0.7,0.51,0.45,0.52,0.75,0.59,0.44,0.58
White Corn,PHILIPPINES,Cost per kilogram (pesos),6.09,7.25,7.66,8.74,7.77,8.78,9.19,..,..,..,..,..,..,..,..,..,..,..,..,..,6.35,7.75,8.42,8.05,8.35,8.09,10.61,..,..,..,..,..,..,..,..,..,..,..,..,..,6.22,7.56,8.07,8.31,8.12,8.34,9.97,9.74,10.46,11.36,11.56,8.18,8.16,8.68,8.45,8.45,8.54,8.94,8.98,9.32
White Corn,PHILIPPINES,Yield per hectare (kg),1464,1355,1469,1446,1668,1695,1742,..,..,..,..,..,..,..,..,..,..,..,..,..,1368,1289,1400,1541,1570,1735,1594,..,..,..,..,..,..,..,..,..,..,..,..,..,1413,1312,1426,1509,1604,1720,1649,1600,1620,1675,1651,1665,1753,1687,1723,1792,1859,1880,1890,1991
White Corn,PHILIPPINES,Farmgate price (pesos/kg),7.4,6.83,9.05,9.58,9.09,10.19,11.8,..,..,..,..,..,..,..,..,..,..,..,..,..,7.44,7.01,9.21,7.23,8.98,9.05,11.35,..,..,..,..,..,..,..,..,..,..,..,..,..,7.42,6.89,9.13,8.41,9.03,9.62,11.58,11.59,11,14.4,13.35,13.81,13.9,13.07,12.3,12.81,14.97,14.2,12.95,..
Yellow Corn,PHILIPPINES,CASH COSTS,8212,8266,9706,10913,11654,13275,15819,..,..,..,..,..,..,..,..,..,..,..,..,..,8899,9418,11075,12094,12446,14201,18774,..,..,..,..,..,..,..,..,..,..,..,..,..,8543,8858,10372,11480,12006,13661,17316,20758,21017,22834,23788,26138,28166,28338,28122,28534,30355,31837,31595,35271
Yellow Corn,PHILIPPINES,..Seeds paid in cash,1219,1162,1645,1371,1743,1874,1919,..,..,..,..,..,..,..,..,..,..,..,..,..,1254,1284,1450,1381,1580,1809,2021,..,..,..,..,..,..,..,..,..,..,..,..,..,1236,1216,1548,1375,1661,1840,1968,3488,3737,3966,4125,5600,6135,5788,5677,5590,6612,6265,5884,6737
Yellow Corn,PHILIPPINES,..Fertilizer paid in cash,2094,2545,3221,4398,4447,5735,7612,..,..,..,..,..,..,..,..,..,..,..,..,..,2068,2687,3854,4410,4309,5673,9490,..,..,..,..,..,..,..,..,..,..,..,..,..,2082,2620,3548,4412,4383,5672,8638,6042,5289,6197,6678,6769,6443,6245,5831,5607,6018,6478,5933,7549
Yellow Corn,PHILIPPINES,..Pesticides paid in cash,347,418,418,418,414,378,398,..,..,..,..,..,..,..,..,..,..,..,..,..,320,336,338,337,309,307,315,..,..,..,..,..,..,..,..,..,..,..,..,..,334,381,382,382,364,345,336,753,1123,1099,1104,888,1671,1661,1668,1631,1567,1811,1688,1850
Yellow Corn,PHILIPPINES,..Hired labor,3118,2659,2803,2993,3118,3285,3708,..,..,..,..,..,..,..,..,..,..,..,..,..,3500,3298,3448,3826,3968,4040,4282,..,..,..,..,..,..,..,..,..,..,..,..,..,3301,3004,3108,3386,3519,3643,3984,6019,6161,6573,6651,7644,8371,9002,9163,9658,9687,10557,11124,11699
Yellow Corn,PHILIPPINES,..Land tax paid in cash,109,110,111,112,113,114,115,..,..,..,..,..,..,..,..,..,..,..,..,..,94,95,96,97,98,99,100,..,..,..,..,..,..,..,..,..,..,..,..,..,102,103,104,105,106,107,108,140,141,142,143,105,106,107,108,109,110,111,112,114
Yellow Corn,PHILIPPINES,..Caretaker/Overseer's wages,0,0,0,0,0,0,0,..,..,..,..,..,..,..,..,..,..,..,..,..,0,0,0,0,0,0,0,..,..,..,..,..,..,..,..,..,..,..,..,..,0,0,0,0,0,0,0,0,0,0,0,40,44,47,48,50,51,55,58,61
Yellow Corn,PHILIPPINES,..Other permanent employee's salary,0,0,0,0,0,0,0,..,..,..,..,..,..,..,..,..,..,..,..,..,0,0,0,0,0,0,0,..,..,..,..,..,..,..,..,..,..,..,..,..,0,0,0,0,0,0,0,0,0,0,0,0,0,0,0,0,0,0,0,0
Yellow Corn,PHILIPPINES,..Rentals,215,211,270,245,290,310,328,..,..,..,..,..,..,..,..,..,..,..,..,..,179,183,197,205,221,238,259,..,..,..,..,..,..,..,..,..,..,..,..,..,198,197,230,224,253,272,293,495,523,556,573,460,504,492,488,490,553,545,531,592
Yellow Corn,PHILIPPINES,..Fuel and oil paid in cash,141,160,170,201,247,250,295,..,..,..,..,..,..,..,..,..,..,..,..,..,42,45,54,63,72,76,88,..,..,..,..,..,..,..,..,..,..,..,..,..,94,103,117,138,150,155,181,456,514,577,614,723,745,679,651,686,734,739,718,757
Yellow Corn,PHILIPPINES,..Transport cost paid in cash,175,183,193,234,274,275,296,..,..,..,..,..,..,..,..,..,..,..,..,..,233,239,286,331,359,363,410,..,..,..,..,..,..,..,..,..,..,..,..,..,203,210,237,280,316,318,352,0,0,0,0,256,258,258,254,267,285,288,297,326
Yellow Corn,PHILIPPINES,..Interest payment on crop loan,128,141,155,171,188,207,228,..,..,..,..,..,..,..,..,..,..,..,..,..,172,190,209,230,253,278,306,..,..,..,..,..,..,..,..,..,..,..,..,..,149,164,180,198,218,240,264,679,747,822,904,1089,1198,1318,1450,1595,1754,1930,2123,2335
Yellow Corn,PHILIPPINES,..Irrigation fee,17,16,23,19,24,26,27,..,..,..,..,..,..,..,..,..,..,..,..,..,1,1,1,1,1,1,1,..,..,..,..,..,..,..,..,..,..,..,..,..,9,9,11,10,12,13,14,10,11,12,12,21,23,22,22,21,25,24,22,26
Yellow Corn,PHILIPPINES,..Sacks and tying materials paid in cash,0,0,0,0,0,0,0,..,..,..,..,..,..,..,..,..,..,..,..,..,0,0,0,0,0,0,0,..,..,..,..,..,..,..,..,..,..,..,..,..,0,0,0,0,0,0,0,0,0,0,0,0,0,596,604,621,653,670,687,717
Yellow Corn,PHILIPPINES,..Electricity cost,0,0,0,0,0,0,0,..,..,..,..,..,..,..,..,..,..,..,..,..,0,0,0,0,0,0,0,..,..,..,..,..,..,..,..,..,..,..,..,..,0,0,0,0,0,0,0,0,0,0,0,19,20,18,17,18,19,20,19,20
Yellow Corn,PHILIPPINES,..Food expense,396,405,425,456,484,498,552,..,..,..,..,..,..,..,..,..,..,..,..,..,621,635,683,723,760,787,914,..,..,..,..,..,..,..,..,..,..,..,..,..,504,515,547,583,615,635,721,777,809,855,874,899,962,987,1004,1036,1104,1124,1155,1218
Yellow Corn,PHILIPPINES,..Repairs,218,218,232,252,266,276,290,..,..,..,..,..,..,..,..,..,..,..,..,..,193,196,213,227,238,244,271,..,..,..,..,..,..,..,..,..,..,..,..,..,206,207,223,240,253,261,282,1129,1162,1198,1246,1009,1045,1064,1084,1097,1123,1158,1181,1206
Yellow Corn,PHILIPPINES,..Others paid in cash,36,38,40,43,46,47,51,..,..,..,..,..,..,..,..,..,..,..,..,..,221,229,246,263,278,286,317,..,..,..,..,..,..,..,..,..,..,..,..,..,125,129,137,147,156,160,175,770,800,837,864,616,641,54,55,56,59,61,62,65
Yellow Corn,PHILIPPINES,NON-CASH COSTS,1521,1542,2227,1808,2406,2626,2769,..,..,..,..,..,..,..,..,..,..,..,..,..,1518,1584,1907,1795,2097,2500,2736,..,..,..,..,..,..,..,..,..,..,..,..,..,1520,1558,2064,1798,2244,2555,2750,1872,1973,2158,2333,2625,2888,2743,2620,2678,3088,2987,2823,3252
Yellow Corn,PHILIPPINES,..Seeds paid in kind,59,56,79,66,84,90,92,..,..,..,..,..,..,..,..,..,..,..,..,..,58,60,68,65,74,85,95,..,..,..,..,..,..,..,..,..,..,..,..,..,59,58,74,66,80,89,95,47,51,54,56,182,199,188,184,182,215,203,191,219
Yellow Corn,PHILIPPINES,..Fertilizer paid in kind,0,0,0,0,0,0,0,..,..,..,..,..,..,..,..,..,..,..,..,..,0,0,0,0,0,0,0,..,..,..,..,..,..,..,..,..,..,..,..,..,0,0,0,0,0,0,0,0,0,0,0,180,179,173,162,156,167,180,165,209
Yellow Corn,PHILIPPINES,..Pesticides paid in kind,0,0,0,0,0,0,0,..,..,..,..,..,..,..,..,..,..,..,..,..,0,0,0,0,0,0,0,..,..,..,..,..,..,..,..,..,..,..,..,..,0,0,0,0,0,0,0,0,0,0,0,35,35,35,35,34,33,38,36,39
Yellow Corn,PHILIPPINES,..Hired labor paid in kind,25,21,22,23,24,26,29,..,..,..,..,..,..,..,..,..,..,..,..,..,25,20,21,24,25,25,27,..,..,..,..,..,..,..,..,..,..,..,..,..,25,20,21,23,24,25,27,93,95,101,102,98,107,116,118,124,125,136,143,151
Yellow Corn,PHILIPPINES,..Harvester's share,536,586,876,684,964,1069,1156,..,..,..,..,..,..,..,..,..,..,..,..,..,595,636,809,751,894,1101,1188,..,..,..,..,..,..,..,..,..,..,..,..,..,564,607,841,715,925,1080,1169,943,989,1106,1230,1131,1265,1189,1114,1166,1355,1293,1216,1404
Yellow Corn,PHILIPPINES,..Thresher's share,.,.,.,.,.,.,.,.,.,.,.,.,.,.,..,..,..,..,..,..,.,.,.,.,.,.,.,.,.,.,.,.,.,.,..,..,..,..,..,..,.,.,.,.,.,.,.,.,.,.,.,.,.,.,.,.,.,.,.,.
Yellow Corn,PHILIPPINES,..Landowner's share,728,694,983,819,1041,1119,1146,..,..,..,..,..,..,..,..,..,..,..,..,..,609,623,703,670,767,878,981,..,..,..,..,..,..,..,..,..,..,..,..,..,671,660,840,746,901,998,1067,508,545,578,601,606,664,626,614,605,715,678,636,729
Yellow Corn,PHILIPPINES,..Caretaker/Overseer's wages paid in kind,0,0,0,0,0,0,0,..,..,..,..,..,..,..,..,..,..,..,..,..,0,0,0,0,0,0,0,..,..,..,..,..,..,..,..,..,..,..,..,..,0,0,0,0,0,0,0,0,0,0,0,0,0,0,0,0,0,0,0,0
Yellow Corn,PHILIPPINES,..Other permanent employee's salary paid in kind,0,0,0,0,0,0,0,..,..,..,..,..,..,..,..,..,..,..,..,..,0,0,0,0,0,0,0,..,..,..,..,..,..,..,..,..,..,..,..,..,0,0,0,0,0,0,0,0,0,0,0,0,0,0,0,0,0,0,0,0
Yellow Corn,PHILIPPINES,..Sheller's share,127,139,208,163,230,255,276,..,..,..,..,..,..,..,..,..,..,..,..,..,193,206,262,243,289,356,384,..,..,..,..,..,..,..,..,..,..,..,..,..,159,171,237,201,260,304,329,162,170,190,211,361,404,380,356,373,433,413,389,449
Yellow Corn,PHILIPPINES,..Lease rental,29,28,40,33,42,45,46,..,..,..,..,..,..,..,..,..,..,..,..,..,36,36,41,39,45,52,58,..,..,..,..,..,..,..,..,..,..,..,..,..,32,32,41,36,43,48,51,0,0,0,0,0,0,0,0,0,0,0,0,0
Yellow Corn,PHILIPPINES,..Rentals paid in kind,14,15,16,17,18,19,21,..,..,..,..,..,..,..,..,..,..,..,..,..,1,1,1,1,1,1,1,..,..,..,..,..,..,..,..,..,..,..,..,..,8,8,8,9,9,9,10,29,32,34,35,18,20,19,19,18,22,21,19,22
Yellow Corn,PHILIPPINES,..Transport cost paid in kind,0,0,0,0,0,0,0,..,..,..,..,..,..,..,..,..,..,..,..,..,0,0,0,0,0,0,0,..,..,..,..,..,..,..,..,..,..,..,..,..,0,0,0,0,0,0,0,0,0,0,0,0,0,0,0,0,0,0,0,0
Yellow Corn,PHILIPPINES,..Fuel and oil paid in kind,2,2,2,2,2,2,2,..,..,..,..,..,..,..,..,..,..,..,..,..,0,0,0,0,0,0,0,..,..,..,..,..,..,..,..,..,..,..,..,..,1,1,1,1,1,1,1,0,0,0,0,0,0,0,0,0,0,0,0,0
Yellow Corn,PHILIPPINES,..Interest payment on crop loan paid in kind,0,0,0,0,0,0,0,..,..,..,..,..,..,..,..,..,..,..,..,..,1,2,2,2,2,2,2,..,..,..,..,..,..,..,..,..,..,..,..,..,1,1,1,1,1,1,1,0,0,0,0,14,15,17,19,21,23,25,27,30
Yellow Corn,PHILIPPINES,..Irrigation fee paid in kind,0,0,0,0,0,0,0,..,..,..,..,..,..,..,..,..,..,..,..,..,0,0,0,0,0,0,0,..,..,..,..,..,..,..,..,..,..,..,..,..,0,0,0,0,0,0,0,0,0,0,0,0,0,0,0,0,0,0,0,0
Yellow Corn,PHILIPPINES,..Sacks and tying materials paid in kind,0,0,0,0,0,0,0,..,..,..,..,..,..,..,..,..,..,..,..,..,0,0,0,0,0,0,0,..,..,..,..,..,..,..,..,..,..,..,..,..,0,0,0,0,0,0,0,0,0,0,0,0,0,0,0,0,0,0,0,0
Yellow Corn,PHILIPPINES,..Others paid in kind,1,1,1,1,1,1,1,..,..,..,..,..,..,..,..,..,..,..,..,..,0,0,0,0,0,0,0,..,..,..,..,..,..,..,..,..,..,..,..,..,..,..,..,..,..,..,..,88,91,95,98,0,0,0,0,0,0,0,0,0
Yellow Corn,PHILIPPINES,IMPUTED COSTS,4762,4813,5542,5724,6206,6587,7358,..,..,..,..,..,..,..,..,..,..,..,..,..,3564,4035,4467,4792,5029,5307,6034,..,..,..,..,..,..,..,..,..,..,..,..,..,4189,4453,5034,5296,5656,5978,6726,7548,7850,8233,8330,7584,5537,8306,8346,8534,9390,9895,9900,10910
Yellow Corn,PHILIPPINES,..Seeds,0,0,0,0,0,0,0,..,..,..,..,..,..,..,..,..,..,..,..,..,0,0,0,0,0,0,0,..,..,..,..,..,..,..,..,..,..,..,..,..,0,0,0,0,0,0,0,212,227,241,251,95,104,98,96,95,112,106,100,114
Yellow Corn,PHILIPPINES,..Fertilizer,0,0,0,0,0,0,0,..,..,..,..,..,..,..,..,..,..,..,..,..,0,0,0,0,0,0,0,..,..,..,..,..,..,..,..,..,..,..,..,..,0,0,0,0,0,0,0,282,216,254,273,220,210,204,190,183,196,211,193,246
Yellow Corn,PHILIPPINES,..Pesticides,0,0,0,0,0,0,0,..,..,..,..,..,..,..,..,..,..,..,..,..,0,0,0,0,0,0,0,..,..,..,..,..,..,..,..,..,..,..,..,..,0,0,0,0,0,0,0,66,106,104,104,9,12,12,12,12,12,13,12,14
Yellow Corn,PHILIPPINES,..Operator labor,1234,1126,1187,1268,1320,1391,1570,..,..,..,..,..,..,..,..,..,..,..,..,..,790,850,888,986,1022,1041,1103,..,..,..,..,..,..,..,..,..,..,..,..,..,1021,999,1049,1142,1187,1229,1344,1187,1215,1296,1312,860,40,1013,1031,1086,1089,1180,1234,1287
Yellow Corn,PHILIPPINES,..Family labor,1315,1396,1471,1572,1637,1725,1947,..,..,..,..,..,..,..,..,..,..,..,..,..,945,1222,1278,1418,1470,1497,1587,..,..,..,..,..,..,..,..,..,..,..,..,..,1138,1317,1382,1506,1565,1620,1772,1212,1417,1511,1530,1323,65,1559,1587,1671,1676,1816,1899,1980
Yellow Corn,PHILIPPINES,..Exchange labor,182,206,218,232,242,255,288,..,..,..,..,..,..,..,..,..,..,..,..,..,111,118,123,137,142,144,153,..,..,..,..,..,..,..,..,..,..,..,..,..,148,165,173,189,196,203,222,351,359,383,388,370,16,436,444,468,469,511,539,567
Yellow Corn,PHILIPPINES,..Depreciation,545,600,660,726,799,879,967,..,..,..,..,..,..,..,..,..,..,..,..,..,214,235,259,285,314,345,380,..,..,..,..,..,..,..,..,..,..,..,..,..,387,425,468,515,567,624,686,412,453,498,548,547,602,662,728,801,881,969,1066,1173
Yellow Corn,PHILIPPINES,..Interest on operating capital,603,643,814,932,944,978,1195,..,..,..,..,..,..,..,..,..,..,..,..,..,636,721,915,1010,987,1027,1411,..,..,..,..,..,..,..,..,..,..,..,..,..,619,685,865,970,964,998,1308,1392,1251,1182,1049,1206,1253,1269,1263,1269,1469,1784,1750,1977
Yellow Corn,PHILIPPINES,..Rental value of owned land,883,842,1192,994,1264,1359,1391,..,..,..,..,..,..,..,..,..,..,..,..,..,868,889,1004,956,1094,1253,1400,..,..,..,..,..,..,..,..,..,..,..,..,..,876,862,1097,974,1177,1304,1394,2383,2553,2709,2818,2930,3210,3028,2970,2925,3459,3278,3078,3525
Yellow Corn,PHILIPPINES,..Fuel and oil,0,0,0,0,0,0,0,..,..,..,..,..,..,..,..,..,..,..,..,..,0,0,0,0,0,0,0,..,..,..,..,..,..,..,..,..,..,..,..,..,0,0,0,0,0,0,0,1,1,1,1,0,0,0,0,0,0,0,0,0
Yellow Corn,PHILIPPINES,..Transport cost,0,0,0,0,0,0,0,..,..,..,..,..,..,..,..,..,..,..,..,..,0,0,0,0,0,0,0,..,..,..,..,..,..,..,..,..,..,..,..,..,0,0,0,0,0,0,0,0,0,0,0,0,0,0,0,0,0,0,0,0
Yellow Corn,PHILIPPINES,..Land tax,0,0,0,0,0,0,0,..,..,..,..,..,..,..,..,..,..,..,..,..,0,0,0,0,0,0,0,..,..,..,..,..,..,..,..,..,..,..,..,..,0,0,0,0,0,0,0,0,0,0,0,8,8,8,8,8,8,8,8,8
Yellow Corn,PHILIPPINES,..Sacks and tying materials,0,0,0,0,0,0,0,..,..,..,..,..,..,..,..,..,..,..,..,..,0,0,0,0,0,0,0,..,..,..,..,..,..,..,..,..,..,..,..,..,0,0,0,0,0,0,0,0,0,0,0,16,17,17,17,18,19,19,20,20
Yellow Corn,PHILIPPINES,..Others,0,0,0,0,0,0,0,..,..,..,..,..,..,..,..,..,..,..,..,..,0,0,0,0,0,0,0,..,..,..,..,..,..,..,..,..,..,..,..,..,0,0,0,0,0,0,0,50,52,54,56,0,0,0,0,0,0,0,0,0
Yellow Corn,PHILIPPINES,TOTAL COSTS,14495,14621,17475,18445,20266,22488,25946,..,..,..,..,..,..,..,..,..,..,..,..,..,13981,15037,17449,18681,19572,22008,27544,..,..,..,..,..,..,..,..,..,..,..,..,..,14252,14869,17470,18574,19906,22194,26792,30178,30840,33225,34451,36347,36591,39387,39089,39746,42833,44719,44318,49433
Yellow Corn,PHILIPPINES,GROSS RETURNS,19012,20800,31108,24305,34256,37996,41090,..,..,..,..,..,..,..,..,..,..,..,..,..,18508,19796,25185,23388,27830,34273,36978,..,..,..,..,..,..,..,..,..,..,..,..,..,18771,20230,28034,23834,30837,36021,38984,38952,40840,45685,50814,47456,53071,49877,46712,48898,56859,54261,51022,58890
Yellow Corn,PHILIPPINES,RETURNS ABOVE CASH COSTS,10800,12534,21402,13392,22602,24721,25271,..,..,..,..,..,..,..,..,..,..,..,..,..,9609,10378,14110,11294,15384,20072,18204,..,..,..,..,..,..,..,..,..,..,..,..,..,10228,11372,17662,12354,18831,22360,21668,18194,19823,22851,27026,21318,24905,21539,18589,20364,26504,22424,19426,23619
Yellow Corn,PHILIPPINES,RETURNS ABOVE CASH AND NON-CASH COSTS,9279,10992,19175,11584,20196,22095,22502,..,..,..,..,..,..,..,..,..,..,..,..,..,8091,8794,12203,9499,13287,17572,15468,..,..,..,..,..,..,..,..,..,..,..,..,..,8708,9814,15598,10556,16587,19805,18918,16322,17850,20693,24693,18693,22017,18796,15969,17687,23416,19437,16603,20368
Yellow Corn,PHILIPPINES,NET RETURNS,4517,6179,13633,5860,13990,15508,15144,..,..,..,..,..,..,..,..,..,..,..,..,..,4527,4759,7736,4707,8258,12265,9434,..,..,..,..,..,..,..,..,..,..,..,..,..,4519,5361,10564,5260,10931,13827,12192,8774,10000,12460,16363,11109,16480,10490,7623,9152,14026,9541,6703,9457
Yellow Corn,PHILIPPINES,NET PROFIT-COST RATIO,0.31,0.42,0.78,0.32,0.69,0.69,0.58,..,..,..,..,..,..,..,..,..,..,..,..,..,0.32,0.32,0.44,0.25,0.42,0.56,0.34,..,..,..,..,..,..,..,..,..,..,..,..,..,0.32,0.36,0.6,0.28,0.55,0.62,0.46,0.29,0.32,0.38,0.47,0.31,0.45,0.27,0.2,0.23,0.33,0.21,0.15,0.19
Yellow Corn,PHILIPPINES,Cost per kilogram (pesos),5.19,4.56,5.16,5.81,5.76,6.2,6.77,..,..,..,..,..,..,..,..,..,..,..,..,..,5.09,5.24,5.4,5.93,5.97,6.24,8.09,..,..,..,..,..,..,..,..,..,..,..,..,..,5.15,4.9,5.29,5.88,5.88,6.22,7.42,8.15,8.5,8.69,8.43,8.9,8.78,9.48,9.86,9.43,10.34,10.71,10.61,11.73
Yellow Corn,PHILIPPINES,Yield per hectare (kg),2792,3205,3385,3173,3517,3629,3833,..,..,..,..,..,..,..,..,..,..,..,..,..,2746,2869,3233,3152,3278,3526,3405,..,..,..,..,..,..,..,..,..,..,..,..,..,2770,3033,3302,3161,3385,3570,3613,3705,3627,3823,4088,4084,4169,4153,3965,4215,4144,4174,4179,4212
Yellow Corn,PHILIPPINES,Farmgate price (pesos/kg),6.81,6.49,9.19,7.66,9.74,10.47,10.72,..,..,..,..,..,..,..,..,..,..,..,..,..,6.74,6.9,7.79,7.42,8.49,9.72,10.86,..,..,..,..,..,..,..,..,..,..,..,..,..,6.78,6.67,8.49,7.54,9.11,10.09,10.79,10.51,11.26,11.95,12.43,11.62,12.73,12.01,11.78,11.6,13.72,13,12.21,..
